iD,2-Class,3-Class,6-Class
1163844154255912961,OH,O,O
1175537139628564481,C,C,C
1125186171150249984,C,C,C
1114300225722691586,C,C,C
1148697765922398210,C,C,C
1142553886902947841,C,C,C
1147272051381690368,C,C,C
1175478871099138050,C,C,C
1163548809189871617,C,C,C
1122264532557152256,C,C,C
1117210385000685570,C,C,C
1155258860007038977,C,C,C
1156129398065639424,OH,H,EH
1161932124469059584,OH,H,GH
1141837725341011975,C,C,C
1162475239365840896,OH,O,O
1138604130380013581,C,C,C
1165344414262333440,C,C,C
1173006631128444928,C,C,C
1137499634887274496,C,C,C
1141323177718610000,OH,H,GH
1168436308295000065,OH,H,EH
1169748183716704257,OH,H,EH
1167218081787240449,C,C,C
1143929273234919424,C,C,C
1161014775746371584,C,C,C
1148311559250337792,C,C,C
1116789831466717187,C,C,C
1140652382520512517,OH,O,O
1155985454405054465,C,C,C
1140364101786509316,OH,H,NH
1152334475398922240,C,C,C
1138483501676863489,OH,H,EH
1128757951706144768,C,C,C
1140308990737428481,C,C,C
1145060196730966016,C,C,C
1155377036262817792,C,C,C
1134545951526457344,OH,O,O
1165411407711678464,C,C,C
1169388855683948549,C,C,C
1172845311187988480,OH,H,EH
1137821434003243008,C,C,C
1152197258781347840,OH,H,RG
1161778624502124551,C,C,C
1127316971559837696,C,C,C
1157374548746092545,C,C,C
1140381842337648640,C,C,C
1161599507555074054,C,C,C
1124099179993759745,C,C,C
1139762691642294273,OH,H,EH
1139993109004279808,C,C,C
1176198366226780161,OH,H,RG
1115138310861619200,C,C,C
1167862076091453441,OH,O,O
1123487061682589696,OH,O,O
1140040121468751872,C,C,C
1157424355716063237,C,C,C
1171024639981760518,OH,H,EH
1141054622171389957,C,C,C
1155625588582993920,C,C,C
1162234471271129094,OH,H,GH
1138828659551363073,C,C,C
1155242007478116352,C,C,C
1154903278897041413,C,C,C
1142087702948536321,OH,H,NH
1157312865537265664,C,C,C
1154577575789961216,OH,H,NH
1164670591011569665,OH,H,GH
1137468364832628736,C,C,C
1163523982102093825,OH,H,GH
1157076719783878657,OH,H,GH
1160176987635355648,OH,H,GH
1139621991118491650,C,C,C
1127232124363386881,C,C,C
1154433190309875713,OH,H,NH
1120823296528986113,C,C,C
1153077455277690880,C,C,C
1154604207040860160,OH,O,O
1143073970591281153,OH,H,NH
1115002828404199425,OH,H,NH
1167169360609337349,OH,H,GH
1169996880727760896,OH,H,EH
1159906150340542464,C,C,C
1124969986059988997,OH,O,O
1161784072504565760,C,C,C
1128890865110474752,OH,H,RG
1165383705407512577,C,C,C
1150904832494120962,OH,H,GH
1168367183803670528,C,C,C
1134832145992769536,OH,H,NH
1124096902545518592,C,C,C
1171378432028086277,C,C,C
1137858229264932864,C,C,C
1129522293993033733,C,C,C
1152712490951819264,C,C,C
1164209100894461956,OH,H,GH
1133073320251932672,C,C,C
1135993608493047808,C,C,C
1140000073297870848,C,C,C
1139709170410774528,OH,O,O
1155241732675649537,C,C,C
1149077215105171456,OH,H,RG
1160190372787699712,C,C,C
1134966950415745024,C,C,C
1134642920852733952,C,C,C
1118961938686533632,C,C,C
1142579287679258624,C,C,C
1140212666822275072,C,C,C
1118250095617744896,C,C,C
1138395095596773376,C,C,C
1155593670634221575,OH,H,GH
1176839700629397505,C,C,C
1144273060213735424,C,C,C
1144361157383335938,C,C,C
1118528812801826817,C,C,C
1117033478544080896,C,C,C
1177094663813156864,C,C,C
1151635216399835138,C,C,C
1174355387535024129,C,C,C
1135681186678919169,C,C,C
1122243014552948739,C,C,C
1116446101874401280,C,C,C
1162511254503772160,C,C,C
1135315181494505478,C,C,C
1153063810560856065,OH,O,O
1159234128203698177,C,C,C
1149814261658607617,C,C,C
1140946194820153351,C,C,C
1129154421663969287,C,C,C
1141437924816412672,C,C,C
1178618245433217024,OH,H,NH
1140353469959856134,C,C,C
1154989464877490177,OH,H,GH
1161435441096208384,C,C,C
1117832658078375936,OH,H,RG
1119278795033329664,C,C,C
1146567771444187138,C,C,C
1164987569156841472,C,C,C
1164621759301214213,OH,O,O
1155970599023329285,OH,H,EH
1142878687093829634,C,C,C
1158687922964639745,OH,O,O
1169704073437884417,C,C,C
1146191875411517440,OH,H,EH
1158889304518733830,C,C,C
1147642833014284288,OH,O,O
1127242491382718467,C,C,C
1121438335757504512,C,C,C
1141056272654974976,C,C,C
1141849299048960000,OH,O,O
1142212470217613313,C,C,C
1157034938346233863,C,C,C
1117900730851946496,C,C,C
1118075497550839809,OH,H,RG
1165036969770045441,C,C,C
1153238420891848704,C,C,C
1114288985826840579,C,C,C
1119526011220234240,C,C,C
1145105713573896192,C,C,C
1162483634621882368,C,C,C
1142542907418841092,C,C,C
1153086181418110976,OH,H,NH
1142838099547951105,C,C,C
1157017557762760704,OH,O,O
1176726312951697409,OH,H,NH
1112835842215641088,C,C,C
1171561839697829888,OH,H,EH
1119817992819421184,C,C,C
1121126101286363137,C,C,C
1147293856356098048,C,C,C
1150393993529896961,C,C,C
1143463874181640192,C,C,C
1151262198787973122,OH,H,GH
1116111467550519296,C,C,C
1171917741789519875,C,C,C
1118299514329288705,C,C,C
1157066859042263041,C,C,C
1120403434962862083,C,C,C
1162072125928349696,C,C,C
1124100235721158661,C,C,C
1176245655792181249,C,C,C
1112835279025524738,C,C,C
1159538886420389893,OH,H,EH
1158643025461096448,OH,H,NH
1175157572548071424,C,C,C
1139320352981602304,C,C,C
1126810969127170049,C,C,C
1169577173843238912,C,C,C
1159457593305313280,OH,H,NH
1113576950092713985,C,C,C
1113708931900166144,C,C,C
1153756151009484801,C,C,C
1145097321430097920,C,C,C
1138195821978165248,OH,H,EH
1140040363354349574,C,C,C
1178284408899604480,OH,H,NH
1130974264499351553,OH,H,GH
1141450544214683648,C,C,C
1122835122749943808,C,C,C
1152097912882716673,C,C,C
1124759380216492032,C,C,C
1160635296247160833,C,C,C
1138569564550246401,C,C,C
1145105781890703360,C,C,C
1152363429304426496,C,C,C
1118617437761626112,OH,H,RG
1138813249103769600,C,C,C
1122470946932129797,C,C,C
1120439967640162304,OH,H,RG
1165560381613531136,OH,O,O
1153811126947209216,C,C,C
1139826919556468741,OH,H,NH
1114603260877377541,C,C,C
1132052579784056837,C,C,C
1142493739706925057,C,C,C
1164519848514347009,OH,H,RG
1140272017423372290,OH,H,NH
1144811641680420864,OH,H,EH
1158881854533120002,C,C,C
1147195950265503744,OH,H,NH
1171416656301764608,C,C,C
1155397534862458880,OH,O,O
1140745593997934593,C,C,C
1142836557294055429,C,C,C
1126906174291496960,OH,H,NH
1152686549223583745,C,C,C
1135610197358125056,C,C,C
1140394508196220928,C,C,C
1130499914595803139,OH,H,RG
1144754409513070592,C,C,C
1130985571550224385,C,C,C
1148345582622298114,C,C,C
1177636448322949120,OH,H,NH
1169356618301132803,C,C,C
1123735310096007169,C,C,C
1152710755696951296,C,C,C
1177331453178318851,C,C,C
1122240617596227584,C,C,C
1160289768107847682,OH,H,GH
1159612987222745089,C,C,C
1119364190081359873,C,C,C
1157065708204953600,C,C,C
1161454284694794240,OH,O,O
1152682012429496320,C,C,C
1125908337374171136,C,C,C
1126255961256136704,C,C,C
1146749600910512128,C,C,C
1146872349561630720,C,C,C
1149824956521431041,C,C,C
1138928365128310784,C,C,C
1157578613253955585,OH,O,O
1175194403381682176,C,C,C
1143282786352189442,C,C,C
1143600802365366272,C,C,C
1154070127526240256,OH,H,GH
1165829541975273474,OH,H,EH
1154306644395905024,C,C,C
1116792098940788736,OH,O,O
1151600261678477312,C,C,C
1131348268280160257,C,C,C
1141485868198371328,C,C,C
1156742646095851520,OH,H,GH
1121131606037684224,C,C,C
1139699568478687232,C,C,C
1161020161681494017,OH,H,GH
1152209597555519488,C,C,C
1136407146340450000,OH,H,GH
1139285038879649792,OH,H,RG
1142905531205656577,C,C,C
1162857894796255232,OH,H,EH
1121153956443500544,C,C,C
1139320939345301506,C,C,C
1140924416282546179,C,C,C
1113771473230077952,C,C,C
1142944183214313472,C,C,C
1165993668228124672,OH,O,O
1124794833191751680,C,C,C
1141516686505500673,OH,H,EH
1133964391152586754,OH,H,EH
1163171774378455041,C,C,C
1168774934778302466,OH,H,EH
1171141358666604544,OH,H,EH
1163680023183810561,OH,H,GH
1153068649302937600,OH,H,EH
1143187544131210000,OH,O,O
1136746288639352833,OH,H,NH
1139507841608409090,OH,H,NH
1152721766009249795,OH,O,O
1151052280755625990,OH,H,EH
1115362196312211463,C,C,C
1141102119195480064,C,C,C
1155498694688550000,OH,O,O
1150526089468567552,OH,H,GH
1154397787754323968,C,C,C
1141738736952197120,OH,H,GH
1114184651176849408,C,C,C
1146039096369917953,C,C,C
1164677676608741378,C,C,C
1142930467878002688,C,C,C
1177715133050736643,C,C,C
1160691294634684417,C,C,C
1143444603003187200,OH,H,EH
1130933707769036802,C,C,C
1136284238150545409,C,C,C
1162380383461228547,C,C,C
1122430863143264256,C,C,C
1153687496674480128,C,C,C
1176581271000092672,C,C,C
1171049499348877312,OH,H,EH
1135578329585717248,C,C,C
1175533201755975680,C,C,C
1164235056426160130,OH,H,GH
1135665319001907200,C,C,C
1135277053006270464,C,C,C
1119010478829834243,C,C,C
1155535097069785093,C,C,C
1122541162722729985,C,C,C
1176273161094086656,OH,O,O
1117895447605989376,C,C,C
1171209993842057216,C,C,C
1141344913377964032,C,C,C
1145106296590557189,C,C,C
1171507447430696960,C,C,C
1173902030559154176,OH,H,RG
1160576363042082817,C,C,C
1162206435914047489,C,C,C
1142219350289649664,OH,O,O
1140042336254267392,C,C,C
1146195075988447238,C,C,C
1139303520941854720,OH,H,GH
1124071899942785024,C,C,C
1164312352038227969,C,C,C
1160677274057957376,OH,H,GH
1134961239027855361,C,C,C
1150867041504698368,C,C,C
1153065561506689024,C,C,C
1133803467959611392,C,C,C
1116117098965676033,C,C,C
1159683033806585856,C,C,C
1144979076249243648,C,C,C
1124818748345593856,C,C,C
1138434290377777152,C,C,C
1164671338814083072,C,C,C
1147292090226925569,C,C,C
1168187876858896386,OH,H,NH
1166493103521456129,C,C,C
1148291084713439233,C,C,C
1158165430156111872,C,C,C
1151615669462605826,C,C,C
1143498796694933505,OH,H,RG
1118565425196032001,C,C,C
1177707074467368960,C,C,C
1174444016420757510,C,C,C
1147901468835536898,C,C,C
1142260397833146369,OH,O,O
1114990232854781953,C,C,C
1134946732276629504,C,C,C
1165547600700956672,C,C,C
1155105668250161153,C,C,C
1150910532779724800,C,C,C
1121925740386238469,C,C,C
1177977218271731712,OH,H,GH
1157363926843240448,C,C,C
1124816777127583745,OH,H,GH
1144387283744972800,C,C,C
1139509601630674944,OH,H,NH
1162681633524408321,OH,O,O
1171925569275084800,OH,H,GH
1162475336623427587,C,C,C
1154087355411812352,C,C,C
1165709267422384129,OH,H,NH
1150555352791957505,C,C,C
1138219340107526145,C,C,C
1139254392597749760,C,C,C
1138135120085491714,C,C,C
1147652450012270592,C,C,C
1129850822731415552,C,C,C
1146894113826136080,C,C,C
1148001035564265477,C,C,C
1142117712195477504,OH,H,NH
1149829580741652480,C,C,C
1139870747105681408,OH,H,NH
1145532731440470000,C,C,C
1130457952895328257,OH,O,O
1113560118396948481,C,C,C
1163560723345223680,C,C,C
1139296660025221120,C,C,C
1144323953386762240,OH,H,NH
1145829158708289537,C,C,C
1152123062411750000,OH,O,O
1176928121095880000,OH,H,EH
1139678928392609794,C,C,C
1127188163498319877,OH,H,NH
1177188449197199361,OH,H,EH
1164622755460997120,C,C,C
1174105777897922560,C,C,C
1145812945907212291,C,C,C
1150837743200735232,OH,H,RG
1132070336382590976,OH,O,O
1121918465722527744,C,C,C
1139468113924304896,OH,H,NH
1150464504762970113,C,C,C
1113945230707961857,C,C,C
1149797816866430981,C,C,C
1114188350754316289,OH,H,RG
1150950015545819138,OH,H,GH
1153787152523653121,C,C,C
1172445798551834624,OH,H,RG
1162149407032258560,C,C,C
1141198834661502981,C,C,C
1117801180338499585,C,C,C
1134769780345491457,OH,H,RG
1136781875693969411,C,C,C
1157608704084271104,OH,H,EH
1162151027170271232,C,C,C
1138848939707437057,OH,H,NH
1144335279328813056,C,C,C
1161661057515102214,C,C,C
1137498099356721153,C,C,C
1173305890465861632,C,C,C
1153425299977248768,C,C,C
1172223858902032386,C,C,C
1157387455605157889,C,C,C
1124753732971966464,C,C,C
1154734830535544832,OH,H,EH
1148017789342539777,OH,H,GH
1143590642662150145,OH,H,RG
1174795122929799169,OH,H,RG
1141589189617770496,OH,H,NH
1157433905101889537,OH,H,RG
1155263646647431169,OH,H,EH
1126237474970308610,OH,H,EH
1144143734394826753,OH,H,EH
1126185865573695488,C,C,C
1155956342160424963,C,C,C
1124923736090652672,C,C,C
1169543522283917314,OH,H,EH
1142909608912150528,OH,H,EH
1158520437883777025,OH,H,RG
1146930241060954113,C,C,C
1157076776356417537,C,C,C
1175029769592823811,OH,H,NH
1147977261242621957,C,C,C
1135846639351021568,C,C,C
1137453178981666816,C,C,C
1128795941908221954,C,C,C
1139938294849069056,OH,H,EH
1161614371707133952,OH,O,O
1154538652011098112,C,C,C
1139198843810136064,C,C,C
1159252810556424194,OH,H,GH
1163592852984799232,C,C,C
1171751427406008321,OH,H,EH
1117907282904281089,C,C,C
1164245069198700544,C,C,C
1142580385097928709,C,C,C
1167145003103268864,OH,H,EH
1113249174034763781,C,C,C
1154156694928277507,C,C,C
1173476988557942784,OH,H,EH
1117923268109975552,C,C,C
1158148791054340096,C,C,C
1129174493388259329,C,C,C
1162951866478710784,OH,H,GH
1159211571236806657,C,C,C
1168253695286550530,C,C,C
1149206385718124545,C,C,C
1139362020522740000,OH,O,O
1164427880635518976,OH,H,NH
1113578792637882372,OH,O,O
1155240810587316225,C,C,C
1135057353114574848,C,C,C
1152581856962994177,OH,H,GH
1125545891782377472,C,C,C
1116128227695693826,OH,H,GH
1138588840153767937,C,C,C
1163565939205558278,C,C,C
1137125835184517120,OH,H,RG
1164947861844484096,OH,H,GH
1141011184382091264,OH,H,NH
1154121169542553600,OH,H,EH
1137082343997526019,OH,H,NH
1145759141861974016,OH,H,NH
1154902212511961088,C,C,C
1154307589393539072,C,C,C
1166423767574351873,C,C,C
1165383927122604033,C,C,C
1147905112595210240,C,C,C
1118193310999490560,C,C,C
1159233256845393921,OH,H,GH
1113917752400596992,C,C,C
1155945073143533568,OH,H,EH
1144979673010647040,OH,H,EH
1155583856189300738,C,C,C
1151246715615424512,C,C,C
1146772603299880961,C,C,C
1143668307381407746,C,C,C
1138221455223734272,C,C,C
1147225509098598400,C,C,C
1165023023386255360,OH,H,NH
1142922631584387073,C,C,C
1136757306924896261,C,C,C
1147610532360253440,C,C,C
1169512671781314560,C,C,C
1150890448422133763,C,C,C
1112626374165049344,C,C,C
1158302698997014528,C,C,C
1136396885671972864,C,C,C
1137829312030230000,C,C,C
1119599849324843010,C,C,C
1155047940760772609,OH,H,EH
1159893209683759105,C,C,C
1140376522496385024,C,C,C
1118098738088747008,OH,H,EH
1150743940355764225,OH,H,RG
1172276120764518406,C,C,C
1158160900160970752,OH,H,RG
1149090743467859969,C,C,C
1137441881833365504,C,C,C
1165032704766828544,OH,O,O
1146110566219590000,OH,H,GH
1157802312481628161,OH,H,GH
1133158797265047553,C,C,C
1155806161649750016,OH,H,EH
1157004586214973440,C,C,C
1147292675764301824,C,C,C
1155439523502985216,OH,H,EH
1150162564782985216,C,C,C
1154177458507264000,C,C,C
1126980270069026817,C,C,C
1171210883307048961,OH,H,RG
1138203844721217538,C,C,C
1137854196265431045,C,C,C
1115010510133571585,C,C,C
1163156269475274754,C,C,C
1142320670858240000,OH,H,EH
1150235062060892161,C,C,C
1138571398937481222,C,C,C
1135069649111015424,C,C,C
1161598987637612545,OH,H,EH
1121862239097708545,C,C,C
1115025471551488000,C,C,C
1116461579548151808,C,C,C
1149422221556965376,C,C,C
1149425981976915969,C,C,C
1117439947760447489,C,C,C
1173735193565376513,C,C,C
1029812493009543169,OH,H,EH
1164860625148928001,C,C,C
1158525062833557505,C,C,C
1140776459830792192,OH,H,RG
1155251035193126912,C,C,C
1143224141086167041,C,C,C
1172899033683234817,C,C,C
1126544707973152768,C,C,C
1166819668696457216,C,C,C
1153716888473657350,C,C,C
1126146270224113669,C,C,C
1172234044068835331,C,C,C
1153458134423410000,OH,O,O
1147458223034850000,C,C,C
1148374947561127936,C,C,C
1142552053459378177,C,C,C
1150916304003575808,C,C,C
1148535981856960512,OH,H,GH
1162136182647676928,C,C,C
1165332990941155330,OH,H,GH
1136402062655336449,C,C,C
1113209381355704320,C,C,C
1137981253553143809,C,C,C
1136596190416576512,OH,H,NH
1144373016081698822,C,C,C
1141854869529276416,OH,O,O
1171174462949117953,OH,H,GH
1136053327958040577,C,C,C
1157788826712121345,OH,H,EH
1158836607736266754,OH,O,O
1177684890508247042,OH,H,NH
1155265535258628096,C,C,C
1149058149544071169,C,C,C
1164617601781248003,OH,O,O
1122632148652122112,C,C,C
1173695347924832256,OH,H,GH
1152355373635928065,C,C,C
1163130338492764162,OH,H,RG
1114210909646458881,C,C,C
1176120616887508993,OH,H,EH
1137478093583659014,OH,H,RG
1149028938397769730,C,C,C
1164655939842166786,C,C,C
1168946826050985987,C,C,C
1150284127813455873,OH,H,EH
1121171414327992321,C,C,C
1135697326717231105,C,C,C
1128086591715647488,C,C,C
1136777931383091200,C,C,C
1142501410015260000,C,C,C
1136738562240651265,C,C,C
1118060058301038593,C,C,C
1162872549027602438,C,C,C
1130261716510625792,C,C,C
1162401375751462912,C,C,C
1146902887387279360,C,C,C
1159937473591566336,C,C,C
1139320927639019521,C,C,C
1138938844886310918,C,C,C
1140758503470112961,C,C,C
1156951825591013376,C,C,C
1163830319704883200,C,C,C
1153304218939330561,C,C,C
1128422919816740864,C,C,C
1113224301929484291,C,C,C
1137790716904689664,C,C,C
1140467679461089280,OH,O,O
1161177202689396736,C,C,C
1118298658972348417,C,C,C
1147292115245907969,C,C,C
1133216374992637952,C,C,C
1116801232818114561,C,C,C
1123293398428016642,OH,H,RG
1114797556729409536,C,C,C
1146897400671416320,C,C,C
1116462470011531265,C,C,C
1151860988074975232,OH,H,NH
1154151890265022464,C,C,C
1176220884534800386,C,C,C
1157733525090689025,C,C,C
1114974743139110913,C,C,C
1137022959439290368,C,C,C
1150917481416024065,C,C,C
1145757599972896773,OH,H,NH
1140386302422130689,OH,H,GH
1166128100943519744,C,C,C
1174630342038343680,OH,H,RG
1118141644258336768,OH,O,O
1166808696317448192,C,C,C
1137069201426997249,C,C,C
1130521035428782085,C,C,C
1176939949582618628,C,C,C
1139673019809292288,OH,H,NH
1150519082179006465,OH,H,NH
1150170969341878272,C,C,C
1128052389808832513,C,C,C
1141495422478893061,C,C,C
1161408917785710594,C,C,C
1121891570314301441,C,C,C
1127087269733474305,C,C,C
1162875688946417669,C,C,C
1141459710488535040,C,C,C
1113352134479757312,C,C,C
1134963305464905728,OH,H,RG
1137860306124910592,C,C,C
1136031397687255040,C,C,C
1153676872275943424,OH,O,O
1144363361146232832,OH,H,NH
1166827096225800192,C,C,C
1159922409400672256,C,C,C
1135331850942070784,C,C,C
1159913868409393152,C,C,C
1171558103747309569,C,C,C
1152992687458521089,OH,H,RG
1131709904908095494,OH,H,RG
1139676527401082880,C,C,C
1138208166250975233,C,C,C
1125904564069253122,C,C,C
1153659618222063616,OH,H,EH
1135333039909822469,OH,H,GH
1159988162774622209,OH,H,RG
1136919489281449984,OH,H,NH
1149352225992577024,C,C,C
1139908227573911553,OH,H,EH
1141068885422215169,C,C,C
1138142892533473280,C,C,C
1161718636601651201,C,C,C
1140176273244860417,OH,H,NH
1124433575544332290,C,C,C
1165393818830725120,C,C,C
1119255468508106762,C,C,C
1118079457921728513,C,C,C
1117187733926096899,C,C,C
1129535634501246976,C,C,C
1142687156118478848,C,C,C
1176857760513835008,OH,H,EH
1142437609156861952,C,C,C
1168215680510038016,C,C,C
1166117292238938117,C,C,C
1133980020735717376,OH,H,EH
1177523139561099264,OH,H,NH
1155610204408623107,C,C,C
1152847311124540000,C,C,C
1171512383765790721,OH,H,RG
1136431088547565568,C,C,C
1161789115119149056,C,C,C
1113138782600085505,C,C,C
1174083453266079744,C,C,C
1150550363361153025,OH,H,GH
1120836324506914816,C,C,C
1131875585918156800,OH,H,NH
1155983381881970688,C,C,C
1137354337292836865,C,C,C
1143920347097513991,C,C,C
1175516046561828865,OH,H,RG
1174269101847515137,C,C,C
1129866937763344384,OH,H,NH
1140408589829496832,C,C,C
1150549220966981638,C,C,C
1162874900027195397,C,C,C
1152688413084192768,C,C,C
1138940283574476800,OH,H,GH
1127548404060622848,C,C,C
1136873606355595264,OH,H,NH
1173940774796517377,OH,H,EH
1122260779233943553,C,C,C
1135174565750018050,C,C,C
1130077111455293441,C,C,C
1158100007792328707,C,C,C
1142541228761858048,C,C,C
1169397313074356224,OH,H,RG
1119011496883699712,C,C,C
1118449696371085312,C,C,C
1160689104801214464,OH,H,EH
1136006581571739653,C,C,C
1136468390778980000,OH,O,O
1149365966381420544,OH,H,RG
1147800411031638016,C,C,C
1152366422582091782,OH,H,GH
1139553959461433344,OH,H,NH
1172191374487281664,C,C,C
1176890309009170000,OH,H,EH
1136750429088428032,C,C,C
1154751855148392454,C,C,C
1140638717650059265,C,C,C
1135590911642152960,OH,H,GH
1154101705673457664,C,C,C
1170472315668303874,C,C,C
1160952105605226496,OH,H,NH
1163939659543695361,C,C,C
1159609731654307842,C,C,C
1158805716397953024,C,C,C
1161674833203216384,C,C,C
1118655072999813120,C,C,C
1121547291922444288,OH,H,NH
1164320118278676480,C,C,C
1124361187897090048,OH,O,O
1112916283413102593,C,C,C
1147293066363056128,C,C,C
1128036234507489280,C,C,C
1139619737166630912,OH,H,EH
1148126368699506688,C,C,C
1175451994473017344,OH,H,RG
1132060970115903490,C,C,C
1148378594802118657,OH,O,O
1119562563774230528,C,C,C
1123705588641423367,C,C,C
1153232946930827264,OH,H,NH
1147221637810610176,C,C,C
1165050745122709504,C,C,C
1148992237998620674,C,C,C
1113695982032752640,OH,O,O
1143292139813650433,C,C,C
1174931409711976449,C,C,C
1118849877566423041,C,C,C
1178326021805920256,OH,H,RG
1135951972899704833,C,C,C
1136305923541143555,OH,H,EH
1116407300774879232,C,C,C
1150544412176461826,OH,O,O
1162300173642588160,OH,H,EH
1129136148494848001,C,C,C
1122977939375763456,C,C,C
1144713489224818690,C,C,C
1155289413464789000,OH,H,RG
1146552983448117248,OH,H,GH
1163962574297272320,C,C,C
1118999000991129600,C,C,C
1166074347448098817,OH,H,EH
1137862508151300096,C,C,C
1145109300848861187,C,C,C
1163223171593641985,C,C,C
1115343928251813888,C,C,C
1176399632039075841,OH,H,RG
1140264131414675457,C,C,C
1140014143321382912,C,C,C
1137281531020492800,C,C,C
1155990361547792384,C,C,C
1124807304010924032,C,C,C
1142219649607774210,C,C,C
1113866317554122752,C,C,C
1160652869567209473,C,C,C
1141845234889970000,OH,O,O
1173705257395859461,C,C,C
1147292403726004224,OH,H,GH
1126635613254557698,C,C,C
1169009121313603585,C,C,C
1114929212270489600,C,C,C
1174920367288147968,OH,H,EH
1144321221980565507,C,C,C
1145812170569129985,C,C,C
1156200343010795522,OH,H,RG
1147994321943183364,C,C,C
1139900237986902018,OH,O,O
1144386737101258753,OH,H,EH
1172267435040419841,C,C,C
1114662423338913792,C,C,C
1165340872730456064,C,C,C
1134971725626654722,C,C,C
1113950099850313728,OH,O,O
1124047734980345856,C,C,C
1135330006727614464,C,C,C
1154892615264980992,OH,H,GH
1121549994950057984,C,C,C
1167525125161439232,OH,H,EH
1148222711006736385,C,C,C
1170843230323269633,C,C,C
1169741698077003776,C,C,C
1140536478180794368,OH,H,GH
1103849676560916482,OH,H,EH
1140763876209975296,OH,O,O
1153815456626511872,C,C,C
1136717331231649792,C,C,C
1113656856596107266,C,C,C
1155556527090151424,OH,H,NH
1171172007955894272,C,C,C
1143634373801103361,C,C,C
1175582297099329536,OH,H,EH
1118228511104425985,OH,H,RG
1122622310391984129,OH,H,EH
1124462718755463170,C,C,C
1141765778309615618,OH,H,NH
1166463403583516673,OH,H,EH
1143896895011640000,OH,O,O
1115389352366964743,C,C,C
1119702406223339520,C,C,C
1122567352577658883,OH,H,EH
1177364221333557248,C,C,C
1116850954991734786,C,C,C
1154854344149348353,C,C,C
1149360313000706049,C,C,C
1116126934180814849,C,C,C
1154087298449006592,C,C,C
1169394044318953472,OH,O,O
1148185858601816064,C,C,C
1139731122193985538,OH,H,EH
1143528629588152321,C,C,C
1163819425784422401,OH,H,NH
1124802664104177664,C,C,C
1158075238627893248,OH,H,GH
1121528789375356929,C,C,C
1163914767465144321,OH,O,O
1165757556767285249,OH,H,GH
1152486189749952512,OH,H,NH
1146444320905605120,OH,H,GH
1148380599276724224,OH,H,NH
1118065459134382080,C,C,C
1148345355869872129,C,C,C
1117883254172897281,C,C,C
1167117199145938945,OH,O,O
1167224406869008384,OH,H,GH
1146446969604321281,C,C,C
1120052445181292544,C,C,C
1142264680775372800,OH,H,EH
1117109994628034561,C,C,C
1136361140890603521,C,C,C
1144383503544541184,C,C,C
1165394481115533312,OH,H,RG
1139680856207835136,C,C,C
1129121008076636160,C,C,C
1141804395383984134,C,C,C
1135321542873755654,C,C,C
1127720350366748672,C,C,C
1144565292141600768,C,C,C
1175907879922098177,OH,H,EH
1154887541000232960,C,C,C
1157438542441799682,C,C,C
1153062437186363399,OH,O,O
1144700144845238277,C,C,C
1163203443848359937,OH,H,RG
1172612839837700096,C,C,C
1160251228049346561,C,C,C
1125113544524083203,C,C,C
1168072927574667264,C,C,C
1145090630152069120,OH,O,O
1113564467575627777,C,C,C
1168994365907361795,C,C,C
1138569247800668165,C,C,C
1142190732129837056,C,C,C
1117159664507084800,C,C,C
1165736798850605056,C,C,C
1165364104124686338,C,C,C
1148363682897899525,C,C,C
1129882901707939843,C,C,C
1151278665508040704,C,C,C
1136714363849646080,C,C,C
1145067971208994816,C,C,C
1177370260376346624,OH,O,O
1160323765286445059,OH,H,GH
1152004084863422465,C,C,C
1144363865834176512,C,C,C
1149074543216136194,C,C,C
1174903359075012609,OH,H,EH
1156713276522336256,OH,O,O
1177710283697078272,C,C,C
1140319430083325955,OH,H,RG
1164311429467516930,C,C,C
1144306300978946049,C,C,C
1142841418320359430,C,C,C
1149100619074027520,OH,H,RG
1126629679664963584,C,C,C
1118275868307144704,C,C,C
1145844009979588609,C,C,C
1114631107729924097,C,C,C
1120425371046940677,C,C,C
1164157507566223362,OH,H,GH
1143277862637756417,OH,O,O
1162446488368308228,OH,O,O
1161405326857576449,OH,H,RG
1158637566524043264,C,C,C
1173384133785063430,C,C,C
1136384181100060675,C,C,C
1115947394414383104,C,C,C
1156478520861908993,OH,H,RG
1163542944265060352,C,C,C
1115764353909907456,C,C,C
1166267303912251392,OH,H,GH
1115724946020368389,OH,H,GH
1175157647244480512,C,C,C
1152320092614643713,OH,H,RG
1119749607137972226,C,C,C
1143814739333660672,C,C,C
1157236072780312576,C,C,C
1140053281210847232,C,C,C
1163258631518900224,OH,O,O
1149807381473349634,C,C,C
1151719500842246144,C,C,C
1164206081377280000,OH,H,GH
1148010435062435840,C,C,C
1114668545126879232,C,C,C
1117696080492335104,OH,H,EH
1083465744728379394,OH,H,RG
1141055403918286848,OH,H,NH
1161610896893970000,OH,H,GH
1143611331515432962,C,C,C
1174107058951610374,OH,H,GH
1122646877361594368,C,C,C
1150185765055410177,C,C,C
1122115977322401792,C,C,C
1149060111400353794,C,C,C
1121879972766015489,C,C,C
1116349380662038528,C,C,C
1162995066178330624,C,C,C
1142047031424425984,OH,O,O
1114203626145230848,C,C,C
1175045251867840512,C,C,C
1146918215475486721,C,C,C
1136580193219485696,C,C,C
1150145402848645122,C,C,C
1145047681427001344,C,C,C
1136409013728534529,C,C,C
1143640447241347072,C,C,C
1143449508866600960,C,C,C
1167919557299728384,OH,O,O
1119615872820183040,C,C,C
1140037810919038976,C,C,C
1158463981281075200,C,C,C
1169541609173790720,OH,H,RG
1125127675687964672,C,C,C
1165041153743511552,C,C,C
1119008982318841857,C,C,C
1174470219923935239,C,C,C
1135654810273964032,C,C,C
1136613954074161152,C,C,C
1167192148606881792,C,C,C
1134968456670056449,C,C,C
1161841563112263681,OH,O,O
1165050438867193857,C,C,C
1160696424251740160,C,C,C
1136753721176711168,OH,H,RG
1167118376415764482,C,C,C
1132073176215822338,C,C,C
1148097745347121152,OH,H,NH
1118992034101170176,C,C,C
1151991331188703233,C,C,C
1132055387987959809,C,C,C
1173747259495911426,OH,H,RG
1140019542338560000,OH,O,O
1161347634998722562,C,C,C
1145180175648378880,OH,H,RG
1120818548266479616,C,C,C
1172261018115936259,OH,H,GH
1135171956859428864,C,C,C
1145117277647454208,OH,H,GH
1140045107556749312,OH,H,NH
1177686813453848577,C,C,C
1144026621688594433,C,C,C
1139546065487716352,OH,H,NH
1155472782202941445,C,C,C
1174762228920270848,C,C,C
1161220290078265351,OH,O,O
1155100731302731776,C,C,C
1161632228495036417,C,C,C
1167458068889788422,OH,O,O
1158371691678109696,OH,O,O
1140428047788716032,OH,H,NH
1164830836073488385,OH,H,NH
1126288886865567744,C,C,C
1138907307042115584,C,C,C
1122864890421686273,C,C,C
1165200916204703744,OH,O,O
1114248045955305472,C,C,C
1129163328268525568,C,C,C
1145842860949942272,C,C,C
1166340632752939009,C,C,C
1165548222481387520,OH,H,GH
1144093625116176384,OH,H,RG
1167003210579632128,OH,H,EH
1139937282260123649,C,C,C
1162507575855894528,OH,H,RG
1155988711084982273,C,C,C
1152688547826229248,C,C,C
1157306503231168514,C,C,C
1124404783253807106,C,C,C
1176715826025697281,OH,H,NH
1159251225617018880,C,C,C
1119390183642804225,C,C,C
1163812068148932608,C,C,C
1128077668107399168,C,C,C
1158904633647144960,OH,O,O
1139976690753527808,C,C,C
1121508839617069056,OH,O,O
1174444195567849474,OH,H,NH
1145059449587032067,C,C,C
1165775185728987136,C,C,C
1159177207652032512,C,C,C
1171548061014904832,C,C,C
1166099173587988481,OH,H,EH
1140140820370264064,OH,H,EH
1164864390878945281,C,C,C
1155178715158106122,OH,H,NH
1153446844648886272,C,C,C
1146893545523109897,C,C,C
1138941590242766850,OH,H,NH
1120784027122843648,C,C,C
1133477061056770048,C,C,C
1162151911153381376,C,C,C
1124420974131187713,C,C,C
1157483195232899072,OH,O,O
1134953572775419904,OH,O,O
1143667005595312130,C,C,C
1151455773773450000,C,C,C
1138186391932821504,C,C,C
1147645631965650944,OH,H,NH
1135917996797378560,OH,H,NH
1177662899726307328,OH,H,RG
1170386875053412356,C,C,C
1150495344054198272,C,C,C
1164519684483493889,C,C,C
1175549750696906752,C,C,C
1178776863600250880,OH,H,RG
1154777508262359041,C,C,C
1163898986849345537,C,C,C
1136899992482975744,C,C,C
1117892646154825729,C,C,C
1166612313589321728,OH,H,RG
1162344136504164352,OH,H,RG
1142108072254611457,OH,H,NH
1145119053360615424,OH,O,O
1177990253224824832,OH,H,GH
1143174079374958593,OH,H,NH
1140392559954583552,C,C,C
1138576933418078208,C,C,C
1116806301894443009,C,C,C
1157043906908950530,C,C,C
1162138733304582144,C,C,C
1157729621737136129,OH,O,O
1176884667808718849,C,C,C
1138105432998842368,C,C,C
1141370142070362113,C,C,C
1138115261981175809,OH,H,GH
1138475400080834560,C,C,C
1140394638542626825,OH,H,NH
1155526084689113088,C,C,C
1131239483532296193,C,C,C
1142191771553804289,C,C,C
1126850830810927104,C,C,C
1140945352176148480,OH,H,NH
1119344578866425856,C,C,C
1158842990758113280,C,C,C
1162857107592556544,C,C,C
1155557793937707008,C,C,C
1154854086216474624,C,C,C
1113112503423242241,C,C,C
1177874389204967424,OH,H,RG
1130621527534313473,C,C,C
1153662145797730306,OH,H,NH
1118618657716830209,C,C,C
1128735079012937728,C,C,C
1178308917618712576,OH,H,EH
1167526016023179271,OH,O,O
1120035500088287233,C,C,C
1142479673575841792,C,C,C
1116480859983446016,C,C,C
1157673005641850880,C,C,C
1139234014307463169,C,C,C
1165327375250468865,OH,H,GH
1165325405655621634,OH,H,NH
1126266389952643078,C,C,C
1161514496118198273,OH,H,GH
1116833680268431360,C,C,C
1128726806536839168,OH,H,EH
1142883472522076161,C,C,C
1158164199056564225,C,C,C
1143669725563633664,C,C,C
1177366565760720896,C,C,C
1114090044938162176,C,C,C
1121545320754757632,C,C,C
1124779536611250176,C,C,C
1160830610421813248,OH,O,O
1139272623601410048,C,C,C
1138182050538770000,OH,O,O
1138974948662358017,OH,H,RG
1173668663863500807,C,C,C
1136307368285880000,OH,H,GH
1139161891010486275,OH,H,NH
1123735300377841667,OH,H,RG
1149055199119646725,C,C,C
1113929379900534786,C,C,C
1144782218021270000,OH,H,GH
1146254931894177793,OH,O,O
1132664972629168128,OH,H,NH
1122276880042872832,C,C,C
1137077230071406592,C,C,C
1151899861207396352,C,C,C
1159934148695531520,C,C,C
1140769524880461824,C,C,C
1162470251705094145,C,C,C
1132434915247702018,C,C,C
1164297101544701953,C,C,C
1139303086516781061,C,C,C
1136419721014910976,C,C,C
1123226234136219649,OH,H,RG
1115040785848782848,C,C,C
1166942231586058240,OH,H,EH
1163555774490206208,C,C,C
1143562304992260000,OH,O,O
1123374581870485506,OH,O,O
1154518976602374145,C,C,C
1138263635413864449,OH,H,NH
1121869912929198087,C,C,C
1129870757511737344,OH,H,EH
1165050927524585472,C,C,C
1159122235178852355,C,C,C
1178041149031960578,OH,H,RG
1122608167668649984,OH,H,EH
1149621381404880896,C,C,C
1123730842700918786,C,C,C
1121517075086835716,OH,H,EH
1135849127399628800,C,C,C
1145033076663291906,C,C,C
1154530087506718721,C,C,C
1128810988202004480,C,C,C
1134968642356097025,C,C,C
1123012981024088064,OH,O,O
1172991467557662720,OH,H,EH
1168652617725038592,C,C,C
1161659204089843712,C,C,C
1127720658379714560,C,C,C
1113197258026160129,C,C,C
1150887581615349762,C,C,C
1150481325415174145,C,C,C
1155891173732600000,OH,H,GH
1146883333802143744,C,C,C
1130938999172997123,C,C,C
1152292586356400130,C,C,C
1166136269136642051,C,C,C
1145574895885135872,OH,H,NH
1177678500536487937,C,C,C
1158153847451324417,OH,O,O
1122988450536415232,C,C,C
1139669812639125504,C,C,C
1140745240510435329,C,C,C
1147167111237775360,C,C,C
1118553528572809217,C,C,C
1142710539103154176,OH,H,GH
1119981782634569731,C,C,C
1147962896464437252,C,C,C
1142901340752020000,C,C,C
1142918829762383872,OH,H,EH
1163230109454733312,OH,O,O
1138121020076960000,C,C,C
1165016892895125506,C,C,C
1115672805104922624,C,C,C
1146196093597827072,OH,H,GH
1153751843174064129,C,C,C
1136048501400489984,C,C,C
1116473093965406209,C,C,C
1137402448275001344,C,C,C
1135126612771520512,C,C,C
1177671155001495553,C,C,C
1164234335706386437,C,C,C
1147653394561196033,C,C,C
1120837516167393280,C,C,C
1177734095394295809,OH,H,NH
1152363079264538624,C,C,C
1143668423450406919,OH,O,O
1153357668041539585,C,C,C
1133879436401696770,C,C,C
1141449019530579968,C,C,C
1165951422577487872,OH,H,NH
1122649072706490374,C,C,C
1114275723676717064,C,C,C
1145065708776284163,C,C,C
1142934850787323906,OH,O,O
1154159097291452416,C,C,C
1162706722953289728,OH,H,EH
1135315262318796802,C,C,C
1121489014073307137,C,C,C
1152711912184000513,C,C,C
1142088377539407873,C,C,C
1122939184514252800,C,C,C
1113898130876059652,OH,O,O
1168655636823007233,C,C,C
1140764817936080898,OH,H,NH
1121402357613572096,C,C,C
1155288494371155968,OH,O,O
1175031180040822786,OH,H,RG
1152423823586865153,C,C,C
1171931753868615680,C,C,C
1132798022256070656,OH,H,NH
1129723083047280641,C,C,C
1164734256788201474,OH,O,O
1163946737100304392,OH,O,O
1142885407874572289,C,C,C
1166402857106624513,C,C,C
1163130027086700546,OH,H,NH
1121292613724905472,C,C,C
1145813532438609920,C,C,C
1139270541225930753,OH,H,GH
1131334823832969220,C,C,C
1129464735894769664,C,C,C
1137508061546000385,OH,O,O
1170399359214788608,C,C,C
1137836591341277184,C,C,C
1131326384268357636,OH,H,GH
1162484943420829697,C,C,C
1150132751410110467,OH,H,EH
1175525707025473536,OH,H,NH
1160153314555772928,C,C,C
1138955448613298176,C,C,C
1133046418191671296,C,C,C
1141413881190998017,C,C,C
1137681385978769408,OH,H,RG
1155989824119033856,C,C,C
1163384052432482307,OH,H,NH
1169349451070287873,C,C,C
1143157392051441669,OH,H,RG
1136049775856562178,C,C,C
1143792785272770560,C,C,C
1136049985240350720,OH,H,RG
1165836013039771648,OH,O,O
1122154548204855297,C,C,C
1157023868269268992,C,C,C
1154000103453200385,OH,H,EH
1153091051093209101,OH,H,RG
1153800215138226176,OH,H,GH
1139788823779373056,OH,H,NH
1135688698656374784,C,C,C
1132032148637126656,OH,H,GH
1142916659151278082,OH,H,RG
1122237971611226118,C,C,C
1155043095412711425,OH,H,NH
1150091396424093696,C,C,C
1140770057720664064,C,C,C
1143666310469115904,C,C,C
1125466219694309376,OH,H,NH
1144757143561744384,C,C,C
1163570257916813312,OH,H,GH
1171439188614377473,C,C,C
1128811533721579521,C,C,C
1120113064160968706,C,C,C
1136137231784140801,OH,H,NH
1149092647497347072,C,C,C
1154879098730291200,OH,H,GH
1175115233368662016,C,C,C
1130549419038916608,C,C,C
1124775329938194432,C,C,C
1124810755134644224,C,C,C
1163519149299195904,C,C,C
1149830713803325440,C,C,C
1164609999479410689,OH,H,GH
1168502444839620608,C,C,C
1121918072154140672,C,C,C
1116812442368135168,C,C,C
1141760767915626497,OH,H,NH
1176093934021500928,C,C,C
1161552535641104385,C,C,C
1144018133709197312,C,C,C
1143297557277421569,C,C,C
1128449356389081088,OH,H,RG
1174073419056500737,C,C,C
1134968976604311552,C,C,C
1144006448168472576,C,C,C
1157380598673137664,C,C,C
1159927596886450176,OH,H,RG
1152364054020853762,C,C,C
1113090273700143106,C,C,C
1120452008459341824,C,C,C
1163568624558366720,C,C,C
1126238329975001088,OH,H,NH
1157437537360785410,C,C,C
1136396334028771328,C,C,C
1177161970061066242,OH,H,EH
1150151994436456449,C,C,C
1152634487320301569,C,C,C
1122986012442013696,C,C,C
1142920888934907904,OH,H,GH
1129575225136439296,OH,H,RG
1141836620418732033,C,C,C
1177841143901544448,OH,H,RG
1144000515472265216,C,C,C
1146034408786472960,C,C,C
1131342572545294336,C,C,C
1162647511783399424,C,C,C
1154525346651344896,C,C,C
1139284430424629248,C,C,C
1142449118087929856,C,C,C
1168359476350640130,OH,H,EH
1127206320447397888,C,C,C
1138187785859473408,C,C,C
1139294162174349312,C,C,C
1132680803849256965,C,C,C
1114628326084284417,C,C,C
1145815854824775681,OH,O,O
1177605242495455236,C,C,C
1160711724644929536,OH,H,GH
1150844936956387328,OH,H,NH
1165265993763045376,C,C,C
1176275148900622336,OH,H,GH
1143160467810131968,C,C,C
1157414593507090432,C,C,C
1140040770176634881,OH,H,RG
1139265644573200399,C,C,C
1165610691224584192,OH,O,O
1141479015875846146,C,C,C
1136364076987273216,OH,H,NH
1116771093325537280,OH,H,RG
1162875146199347200,C,C,C
1126626978281422848,OH,H,GH
1163553424195182592,C,C,C
1151966734825480218,C,C,C
1139632514421657600,C,C,C
1177719851768569856,C,C,C
1151241833789435907,C,C,C
1177675801657036805,C,C,C
1146704260207468545,OH,H,GH
1151428100321939457,OH,O,O
1146052677991718912,C,C,C
1159964188594384896,OH,O,O
1176892038559744003,OH,H,EH
1115753582698090497,C,C,C
1116464144893526017,C,C,C
1141680987635683329,C,C,C
1142112603361218560,OH,H,RG
1159518105464258560,C,C,C
1122275638595993601,C,C,C
1133885505022681088,C,C,C
1130255135555371009,C,C,C
1142519832010797056,C,C,C
1158158641700229120,C,C,C
1137829621016289293,C,C,C
1137507484241997825,C,C,C
1114986723556171776,C,C,C
1140000312230653957,C,C,C
1120468009154502663,C,C,C
1165409571067891716,C,C,C
1140258180288720903,OH,H,GH
1165376768712360000,OH,H,GH
1114671770236268547,C,C,C
1117939586708189190,C,C,C
1150555542424891392,OH,O,O
1114260690758438913,C,C,C
1140719681726222336,C,C,C
1146554928149618688,C,C,C
1150857839088410000,OH,H,RG
1162138328323559426,C,C,C
1133513424032403456,C,C,C
1163090203587883008,OH,H,EH
1145108624244695040,OH,H,NH
1175000465395900416,OH,H,EH
1149284947603140609,OH,H,EH
1153660023572242432,C,C,C
1173020862926245888,OH,H,RG
1140866096867811328,OH,H,NH
1145841855659216903,C,C,C
1144559860362747906,C,C,C
1165051087306547201,OH,H,GH
1160336827007586305,C,C,C
1116482912550031362,OH,H,RG
1142943695098077184,C,C,C
1144701127595831297,OH,H,EH
1171932345512931329,C,C,C
1149689757640870000,OH,O,O
1154441253758672896,OH,H,NH
1170076840066736133,C,C,C
1136415753777889281,C,C,C
1153817009643114498,C,C,C
1173628090158899200,C,C,C
1147652548561690624,OH,H,RG
1155973958006534145,C,C,C
1140329785421389825,C,C,C
1114572383887790086,C,C,C
1155130115371798528,C,C,C
1151881240464769024,C,C,C
1168400002990915585,OH,H,NH
1146560350009077760,C,C,C
1138353333582860288,C,C,C
1137713571708772354,C,C,C
1154713990305583105,C,C,C
1158870752688594947,C,C,C
1139677599079251968,OH,H,EH
1162514305398575104,C,C,C
1157191523378839553,C,C,C
1147264419094847495,OH,H,NH
1141123833597976576,C,C,C
1173559754347732992,OH,H,EH
1113060277212209152,C,C,C
1158519313772490753,OH,H,GH
1116442001069658112,OH,H,RG
1115888107340148742,C,C,C
1149823234478608388,C,C,C
1152002489048170496,C,C,C
1136035508256169984,C,C,C
1169052078645358592,C,C,C
1153747597053612033,C,C,C
1176108470208217088,OH,H,EH
1142537300787830785,C,C,C
1122759754160459777,C,C,C
1166367935079813120,C,C,C
1133519837827862529,C,C,C
1158889521473380352,C,C,C
1139292488580116480,C,C,C
1164094838276575232,C,C,C
1159240907813769218,OH,H,EH
1138957955683033089,OH,H,GH
1165189595748818944,OH,O,O
1145021648770359296,OH,H,NH
1136028098594402304,C,C,C
1177486876485152771,OH,H,GH
1166848845587894273,C,C,C
1142016656862044160,C,C,C
1141858165161701377,OH,H,GH
1175661217085579264,OH,H,NH
1176132311114485761,C,C,C
1124643400005967872,C,C,C
1144217356765421568,C,C,C
1141825660509478914,C,C,C
1113745578884833281,C,C,C
1140239701447782400,OH,H,EH
1119021882160840709,C,C,C
1168650107681693697,C,C,C
1119280192923623426,C,C,C
1177328792458661895,OH,H,EH
1114606144784302081,C,C,C
1159877361455771649,C,C,C
1138325659607019520,OH,O,O
1139820122082873345,C,C,C
1144368149225234433,C,C,C
1121178856797421569,C,C,C
1115760954816569344,C,C,C
1142572708145848320,C,C,C
1139683692391960577,C,C,C
1148158829080825856,OH,H,GH
1119706903318269958,C,C,C
1113671696681246721,C,C,C
1119718436941324288,C,C,C
1154072144743190528,C,C,C
1164650476526329859,C,C,C
1116012074684043265,C,C,C
1136742967799091200,OH,O,O
1178411221365723136,OH,H,EH
1138226282779545600,OH,H,EH
1156509740115120129,OH,H,EH
1149816142283845632,OH,H,RG
1133402417113030659,C,C,C
1170807286287089664,C,C,C
1137055947443097601,OH,H,NH
1122771177355694085,OH,O,O
1142940870209130496,C,C,C
1139004210408800000,OH,O,O
1158086829347868674,C,C,C
1142171934173618176,C,C,C
1141761833885405184,OH,H,NH
1161685019800297473,C,C,C
1127667968387813378,OH,O,O
1158878985541079041,C,C,C
1151939948796358662,C,C,C
1162113859324395521,C,C,C
1135944221435801601,C,C,C
1161720391645245441,C,C,C
1124812678298578946,C,C,C
1149092407931281408,C,C,C
1158146673681608704,C,C,C
1133794992214937600,C,C,C
1172217958065692673,OH,H,NH
1139549392573255680,C,C,C
1146537240878813184,C,C,C
1137496671011688448,C,C,C
1133149714344480769,C,C,C
1126659545810526209,OH,O,O
1146568495334862849,OH,H,RG
1165819573439991814,OH,H,EH
1139680743687221249,C,C,C
1139548210349903872,OH,H,NH
1147001280713370000,C,C,C
1114168632454651904,C,C,C
1151261176266920000,C,C,C
1121132081684406272,C,C,C
1155599266066382848,C,C,C
1152719970440273921,OH,H,EH
1154511040450719744,OH,H,RG
1174744864992518147,OH,H,NH
1140665112778477569,C,C,C
1139612950019411969,C,C,C
1120457094967197696,C,C,C
1141380904855703556,OH,H,EH
1135673787322576897,C,C,C
1132405988798160902,C,C,C
1144226423063875584,OH,H,NH
1139211640921055234,C,C,C
1122915480178704384,C,C,C
1140743689117097992,C,C,C
1115004530402394112,C,C,C
1149214994246115328,OH,O,O
1157421271392620545,OH,H,GH
1163422925208326144,OH,O,O
1142198350890045442,C,C,C
1120046742035214337,C,C,C
1125730383717457920,C,C,C
1134976751719899136,C,C,C
1119377502726754307,C,C,C
1117896819097235456,C,C,C
1118657669982822400,C,C,C
1138169309665120256,OH,H,EH
1151414635599454213,C,C,C
1126634322759438336,OH,H,GH
1163962003549040641,C,C,C
1139605267925147648,C,C,C
1164167475690463232,OH,O,O
1140761255617150977,OH,H,RG
1175474394698854401,OH,H,EH
1138780941755850752,C,C,C
1125901802229121029,C,C,C
1141133200930103297,C,C,C
1149438154451148801,OH,H,NH
1134986976141221888,OH,H,RG
1160260684174807041,OH,H,EH
1123712607217684480,C,C,C
1144750882581622784,C,C,C
1137827830191071233,C,C,C
1162458849565171712,OH,O,O
1136910128463142912,OH,H,GH
1176250100944949248,C,C,C
1160700709832220673,C,C,C
1126902233898061824,C,C,C
1144348248599142401,C,C,C
1117860982905278469,C,C,C
1171200484499251202,OH,O,O
1159519038567002113,C,C,C
1157769663146856453,OH,O,O
1138467859099725825,C,C,C
1140759345505996800,C,C,C
1148356985877880832,C,C,C
1145402246517182465,OH,H,NH
1135333545948471299,C,C,C
1145118098892218368,C,C,C
1115656068384866304,C,C,C
1149664991982700000,C,C,C
1134971415155945473,C,C,C
1176198592392060936,OH,H,GH
1140037614805954563,OH,H,RG
1161744401456140288,OH,H,NH
1136010783157096448,C,C,C
1147164480448712706,C,C,C
1155628016162267136,C,C,C
1123699517440843778,C,C,C
1166853666558619649,C,C,C
1174830013188837377,C,C,C
1169757076605870081,C,C,C
1170445045855608832,C,C,C
1155897327728648193,C,C,C
1137509602743017472,C,C,C
1155450577326940162,OH,H,EH
1160638519397756929,C,C,C
1159536896013471751,C,C,C
1124426670117670913,C,C,C
1115403736732585984,C,C,C
1178022637936742400,C,C,C
1130235300607864834,C,C,C
1140767452713947138,C,C,C
1165031532895117313,OH,O,O
1176269014387036161,OH,O,O
1140022835995402246,OH,H,RG
1178308917618712576,OH,H,EH
1147637472660246528,C,C,C
1144394342393700353,C,C,C
1139309218480218113,C,C,C
1117203357704306688,C,C,C
1142219448205611008,C,C,C
1155257584561115136,C,C,C
1138232194852372480,C,C,C
1148956667553480000,OH,O,O
1136245059790278658,C,C,C
1166246609887383553,OH,O,O
1141465907828539394,C,C,C
1120455604252938250,C,C,C
1137432024812273666,C,C,C
1120831955791167500,C,C,C
1161410568571564033,OH,O,O
1150651708386742272,OH,H,GH
1117897479372980225,C,C,C
1118193448723546113,C,C,C
1156655298859425797,OH,O,O
1144398535477141506,C,C,C
1145057279533834242,C,C,C
1127613890207072256,C,C,C
1134970714375753728,OH,H,RG
1143124858563436544,C,C,C
1148381052001574912,C,C,C
1162662659470364674,OH,H,EH
1141325395524014081,OH,H,EH
1139619248639291392,C,C,C
1164750848980733952,OH,O,O
1137870846993870848,C,C,C
1167027928300998661,OH,H,GH
1140038427578195968,OH,H,RG
1138937620363431936,C,C,C
1161567550288908288,OH,H,GH
1130633452225781761,C,C,C
1155991287352270850,C,C,C
1146647039058599936,C,C,C
1112728800687738881,C,C,C
1147531190368423936,OH,H,EH
1180192350250905613,OH,H,GH
1118267328154804224,C,C,C
1164819532235436032,OH,O,O
1139479072973758464,OH,H,NH
1156295778886914049,OH,O,O
1115034402730520577,C,C,C
1126262913931649025,C,C,C
1113534662092251137,OH,H,RG
1117904168868401152,C,C,C
1145784784100241409,C,C,C
1164935448441053184,OH,O,O
1139721704274571264,OH,H,NH
1159491891240538113,OH,O,O
1113898103789297665,C,C,C
1155626486495404032,OH,H,EH
1158434729995227136,C,C,C
1115661316860125184,C,C,C
1169757248421269506,C,C,C
1149463748459057152,C,C,C
1153411778241605632,C,C,C
1175515253012082688,OH,H,EH
1142894178390740992,C,C,C
1137274065448820736,OH,O,O
1154536572341116933,C,C,C
1146888756546494465,C,C,C
1143304324338073600,C,C,C
1116820611131686913,C,C,C
1123735309324292097,C,C,C
1165411087031906314,C,C,C
1149103570530242560,C,C,C
1136324064883236865,C,C,C
1114313505723834368,C,C,C
1140702494424784896,OH,H,NH
1154828200071053313,C,C,C
1164129640987942917,OH,O,O
1132342326507048960,OH,H,EH
1161735069767278595,OH,H,NH
1144593670047457280,C,C,C
1118845132135120896,C,C,C
1122932188796862465,OH,H,RG
1143353542847209474,C,C,C
1150120828165660672,OH,H,GH
1128837700767944704,C,C,C
1137146557688627200,OH,O,O
1129892110155636737,C,C,C
1162053763261173760,C,C,C
1152719241394757632,C,C,C
1142671157033873408,OH,O,O
1151594255019851777,C,C,C
1130579179928465419,OH,H,NH
1116056224649363456,C,C,C
1155921259168980993,C,C,C
1121023755600453633,C,C,C
1115374828142452737,C,C,C
1147359803414646786,OH,O,O
1144330189737988096,OH,O,O
1162414905766682629,C,C,C
1160676923867090952,C,C,C
1162110844991352850,OH,H,GH
1115004677995806721,C,C,C
1172752942463631361,OH,H,NH
1164118151275175936,OH,H,RG
1145102875124781056,OH,H,NH
1165760836826275840,C,C,C
1168311862217400320,C,C,C
1155265067962830849,C,C,C
1141094926832283649,C,C,C
1161788690932404225,C,C,C
1152246079582347264,C,C,C
1116474511057195010,C,C,C
1176886645402099712,C,C,C
1119649518927085568,OH,H,RG
1146929327856136194,C,C,C
1175778941967183873,OH,H,EH
1144032104524599296,C,C,C
1137096531763441664,C,C,C
1154850154660474880,C,C,C
1119349046395768838,OH,H,EH
1138900930475302913,C,C,C
1154539870766977026,C,C,C
1149467207342051330,C,C,C
1153434321006538754,C,C,C
1167469842418536449,OH,H,EH
1137688475568922624,OH,H,NH
1141499760341372929,OH,O,O
1171209760567439361,C,C,C
1118628731206209537,OH,O,O
1137844372085575680,C,C,C
1137687093898035201,C,C,C
1177555024504901632,OH,H,EH
1118968128938086401,C,C,C
1141045919930114054,C,C,C
1155990352320270338,C,C,C
1142546318369480707,C,C,C
1143300850489708549,OH,O,O
1141468991052845057,C,C,C
1149339976968130560,C,C,C
1161414412592435201,C,C,C
1144586992140869633,OH,H,NH
1115299626914021376,C,C,C
1162136106953052160,C,C,C
1140127716097830912,C,C,C
1167153540038635520,C,C,C
1142937666973052928,OH,H,RG
1138581425605791744,C,C,C
1159974016800755712,OH,O,O
1145100196554182667,OH,H,EH
1159987595159453696,OH,O,O
1144663854326173696,C,C,C
1175189704888737793,C,C,C
1177008718610862080,C,C,C
1140000599745937408,OH,H,NH
1151279833512591360,C,C,C
1141048368321433600,C,C,C
1147977261242621957,C,C,C
1152136217917644801,OH,H,RG
1136366757810266112,C,C,C
1155456551026606080,C,C,C
1153815600151449601,C,C,C
1142945119831764992,C,C,C
1172278442504708105,C,C,C
1138206123230728192,OH,H,NH
1170005237744197632,C,C,C
1152631525680304129,C,C,C
1164004682274095107,OH,H,GH
1147705126162980865,OH,H,GH
1156949049628667905,C,C,C
1176866782038122496,C,C,C
1148167931743936512,C,C,C
1126636120765280257,C,C,C
1143273005986000902,C,C,C
1143477982452944897,OH,H,RG
1165936390716174337,OH,H,NH
1142220281609695232,C,C,C
1142943411256868866,C,C,C
1133521099516469248,C,C,C
1146539410336428034,C,C,C
1177989133630877697,C,C,C
1124789819446571009,C,C,C
1175191518098972673,OH,O,O
1154145634900938752,OH,H,EH
1178758456158896130,OH,H,RG
1137758694597386241,OH,H,RG
1152340661586341889,C,C,C
1137866718624342020,C,C,C
1161251047341547520,OH,H,GH
1141702885874569217,OH,H,GH
1173748033382768640,OH,H,NH
1165262996890955776,OH,H,NH
1151273027373621248,C,C,C
1118448591121596417,C,C,C
1151258973737312257,C,C,C
1115403717979799552,C,C,C
1138592435569922049,OH,H,GH
1157785660503265291,OH,H,GH
1145117593474359296,OH,H,NH
1156635689519374338,OH,H,NH
1161855743286501379,OH,O,O
1125549797363068935,C,C,C
1140028397235638272,C,C,C
1149388029922095104,OH,O,O
1167224298119020544,C,C,C
1115717346658869248,OH,H,RG
1154903538310553600,C,C,C
1139674293472808961,OH,H,NH
1113484696514650113,C,C,C
1178727278576058373,OH,H,RG
1139271445337579522,OH,O,O
1145046455016665088,OH,H,EH
1164646793063424005,C,C,C
1142532057500979200,C,C,C
1147524125952487424,OH,H,GH
1138988360389840897,C,C,C
1170030381065748480,OH,O,O
1135686456729591815,C,C,C
1138511662804283393,C,C,C
1165290154938064896,OH,H,RG
1119156376121405440,C,C,C
1165951422577487872,OH,H,NH
1128025655789142017,C,C,C
1172888158834429952,OH,H,EH
1115339752541179904,C,C,C
1154768261856321536,C,C,C
1160699756466835458,OH,O,O
1137809572608061440,C,C,C
1119376311842160640,OH,H,RG
1164265366714908673,C,C,C
1162398732295507968,C,C,C
1123685794890301441,C,C,C
1134851087679311872,C,C,C
1164668464587517952,C,C,C
1142677657198440449,OH,H,NH
1157801752793686016,OH,O,O
1168438640655110146,OH,H,NH
1165717737848655872,C,C,C
1160701671346978821,C,C,C
1153624725656150000,OH,O,O
1166491661796429824,C,C,C
1144751319972024320,C,C,C
1149793801646596097,OH,H,EH
1147628004870430721,OH,H,NH
1125539377365516290,C,C,C
1144389157751595008,C,C,C
1147942964297180000,OH,H,GH
1141830162805329925,C,C,C
1147245654424600576,C,C,C
1150805624294400002,OH,O,O
1176987110185799686,C,C,C
1140427741420040192,OH,H,NH
1175521423902806017,OH,O,O
1118687061760987136,C,C,C
1177725546333196294,C,C,C
1166460111004622854,OH,O,O
1118575220913319936,C,C,C
1144738728520441858,C,C,C
1165686566473224195,C,C,C
1149818523348172800,C,C,C
1158788982613925890,OH,H,NH
1130578548102782983,OH,H,EH
1136068307046535168,C,C,C
1114495937538215936,C,C,C
1153012945053343744,C,C,C
1153771747252023296,C,C,C
1135839766690144257,C,C,C
1123736915159736324,C,C,C
1119025612277145600,C,C,C
1129489942554521600,C,C,C
1139252098745458693,C,C,C
1153050192561750017,OH,H,EH
1155105480211083264,OH,H,GH
1142463205194838017,C,C,C
1135084732260192256,OH,O,O
1155913735447429122,OH,H,EH
1136832645072076803,OH,H,NH
1153927737272348672,OH,H,RG
1149829425829154816,C,C,C
1171172724242374658,OH,H,GH
1170265660494176256,OH,H,NH
1142580720898125835,C,C,C
1163950316204843009,C,C,C
1162268426296930000,OH,H,GH
1141783239100686337,C,C,C
1126919007926464512,OH,H,NH
1176950900646141952,OH,H,EH
1155399264127868928,OH,H,EH
1174529239527362565,OH,H,GH
1141754103590248448,C,C,C
1154303983395229696,C,C,C
1168440419795050496,C,C,C
1145840917217234944,C,C,C
1141482595189952514,C,C,C
1116393759355305985,C,C,C
1167037921444188160,OH,O,O
1162135677456343042,C,C,C
1139666543342772224,C,C,C
1133152299369545729,C,C,C
1149017408360898568,C,C,C
1163600819465457664,C,C,C
1165411440146206720,C,C,C
1142943340247359494,C,C,C
1113137646572908544,C,C,C
1157726291078111233,OH,H,GH
1160302408221843456,OH,H,NH
1168295408185073666,C,C,C
1137452887402004480,OH,H,GH
1118297366824673280,OH,H,RG
1149104470237884416,C,C,C
1172124622831194112,OH,H,EH
1119360366293790721,C,C,C
1176560486881603586,OH,H,RG
1149812725784162304,C,C,C
1146568712079708160,C,C,C
1138867577902522368,C,C,C
1136757527633440769,C,C,C
1141047092070273030,C,C,C
1161063249703571461,OH,O,O
1166726137906696192,C,C,C
1150159804217860000,C,C,C
1179400337188413445,OH,H,EH
1112505052177055747,OH,H,NH
1178389745421950977,OH,H,RG
1176531181254393856,OH,H,EH
1137412870117965824,C,C,C
1154341911634817024,C,C,C
1164674330728513537,C,C,C
1154161998097244161,C,C,C
1155949365090902018,OH,H,RG
1136022975302504448,C,C,C
1157011951932837889,OH,H,EH
1162183623073775616,C,C,C
1159177515660992512,C,C,C
1125680167479914496,C,C,C
1153086670251732994,C,C,C
1137766816699342848,C,C,C
1171996729513840640,OH,H,EH
1136319339869724672,C,C,C
1138434958215831555,OH,H,NH
1176998051313065984,C,C,C
1165048858797314053,C,C,C
1159920387205083137,C,C,C
1137843817665761280,OH,H,RG
1155834224282341376,OH,H,RG
1137009802171834374,C,C,C
1133522527312064513,C,C,C
1138483818917257221,C,C,C
1123719731897352193,OH,H,GH
1120615011871858688,C,C,C
1167132340730179584,OH,O,O
1157272900707266561,C,C,C
1127319218196832256,C,C,C
1164031388770820097,OH,H,GH
1165127943607201792,C,C,C
1140089649823670273,OH,H,GH
1163581729841602560,C,C,C
1120451464067993601,C,C,C
1153680561157890049,OH,H,EH
1171136716972941324,OH,H,EH
1145965914556420102,OH,O,O
1141983464268476416,OH,H,EH
1176996962450759680,C,C,C
1112843310769602561,C,C,C
1138596318186745856,C,C,C
1169650016832643072,OH,H,EH
1113902072649404416,C,C,C
1141340285965930496,C,C,C
1142604558834835456,OH,O,O
1126184977782251520,C,C,C
1126266838785064960,C,C,C
1113509844382883840,C,C,C
1140002717903069184,C,C,C
1174759565084303366,C,C,C
1146022321095921664,C,C,C
1127358532066664448,C,C,C
1167912715173580000,OH,H,GH
1140392606859517952,C,C,C
1129510768985161729,OH,H,GH
1154093531134406656,OH,O,O
1169610623254245376,C,C,C
1139942096167677955,OH,H,GH
1152339307153297409,C,C,C
1116676352676179969,C,C,C
1164978737328394240,OH,O,O
1175009391088734209,OH,H,EH
1169440046132473856,OH,H,EH
1126997701919485952,C,C,C
1122252766104236037,C,C,C
1114618637695049728,C,C,C
1152304331296821248,OH,O,O
1152961029468565506,OH,H,NH
1147292332678635520,OH,H,NH
1143306655880351745,OH,O,O
1153090413512798209,C,C,C
1176943102822625280,OH,H,EH
1159975462019321857,C,C,C
1120096646900211712,C,C,C
1143666037868630016,C,C,C
1136324149134135297,C,C,C
1117442506151682049,OH,H,EH
1118885429577695238,C,C,C
1154539702155800576,C,C,C
1162131953929347073,C,C,C
1142166618858020864,C,C,C
1146179189080567808,C,C,C
1149052414667972613,C,C,C
1116456202077200384,C,C,C
1167077173502578694,C,C,C
1137870880573468672,OH,H,GH
1157076858112024576,C,C,C
1140018058863501313,OH,H,RG
1144908129806835717,C,C,C
1119326480826339329,C,C,C
1137142250113314817,C,C,C
1164167440944771074,C,C,C
1154540367569534976,C,C,C
1146762835235676162,OH,H,EH
1119556063299346433,C,C,C
1142508329505382400,C,C,C
1137110459318976512,C,C,C
1159613063055720448,C,C,C
1139581922580078592,OH,H,NH
1149682973358399489,C,C,C
1178049961419821056,C,C,C
1151630270740611073,OH,O,O
1153781269534261248,OH,H,GH
1159281325079183361,C,C,C
1136753154769506304,OH,H,RG
1145090978216386560,C,C,C
1162079169750151175,C,C,C
1135948558606229504,C,C,C
1126637624993697802,C,C,C
1159239050265366529,C,C,C
1126274968722006018,C,C,C
1138092244467140000,OH,O,O
1116093185757937667,OH,O,O
1153382572052942848,OH,H,RG
1115711678958768129,C,C,C
1171137546706923522,OH,H,EH
1115039774954414081,OH,O,O
1117135782341414913,C,C,C
1114257056305905668,C,C,C
1178457714164412416,C,C,C
1166120459538223105,OH,H,GH
1150785954816430080,OH,H,EH
1148863063812182016,OH,H,RG
1143594513077854209,C,C,C
1178448641746493440,C,C,C
1145018641886437378,C,C,C
1162803134592405504,C,C,C
1160660189105836032,C,C,C
1148119016218738688,OH,O,O
1130624031110127616,C,C,C
1149098508370288646,OH,H,GH
1136750484721717255,C,C,C
1137146034403119104,C,C,C
1145990376790118400,C,C,C
1171572069903097856,C,C,C
1142164028573257728,OH,H,EH
1113828329768009734,C,C,C
1163211581423009792,C,C,C
1174415838537035776,C,C,C
1133882070693044224,C,C,C
1112760209305419777,C,C,C
1127294678326337536,OH,H,RG
1132716568771747842,C,C,C
1154831833097490000,OH,O,O
1163606923805175808,C,C,C
1142925632403386373,C,C,C
1161334427957563392,C,C,C
1125970033149140992,C,C,C
1117737385104691208,C,C,C
1154540412297719809,C,C,C
1126981674590449669,C,C,C
1157796541735854082,C,C,C
1164609750983675904,C,C,C
1151795973557018624,OH,H,GH
1154887454924660736,C,C,C
1141787027438022656,OH,H,EH
1141829656829730818,OH,H,GH
1140024180584439808,OH,O,O
1136953536850382849,C,C,C
1157801995840950272,C,C,C
1151887679128330240,OH,H,EH
1154177123013279744,OH,O,O
1137367763331293186,C,C,C
1160011698868277248,C,C,C
1169517619097088000,OH,H,NH
1169372734956167170,C,C,C
1145058696617238529,C,C,C
1158801311435018241,C,C,C
1141455000134197248,OH,O,O
1113588465109741568,OH,H,EH
1136421612134240258,C,C,C
1149127563069022215,C,C,C
1163019645437140993,C,C,C
1155318797932404736,C,C,C
1142153311300313088,C,C,C
1178065381975568385,OH,H,EH
1135331721640103939,OH,H,GH
1148737411092008961,OH,H,RG
1177657478466723840,C,C,C
1174806910765293568,OH,O,O
1150517552340230144,C,C,C
1153778347576647680,C,C,C
1164392026156228608,OH,H,GH
1127981839904276482,C,C,C
1153387084473884672,C,C,C
1136340261645291520,C,C,C
1121475942260592640,OH,H,RG
1147292996909580288,C,C,C
1166843189510230019,C,C,C
1151640725475549184,C,C,C
1125494479643979778,C,C,C
1171205338181378048,C,C,C
1117928757568913409,OH,H,RG
1150558963886374913,OH,H,GH
1144685390785339392,C,C,C
1151641099708096512,OH,O,O
1137489385719566336,OH,H,RG
1129861936907247616,C,C,C
1168511737710166016,OH,H,NH
1146521341413253121,OH,H,RG
1157787408789905409,C,C,C
1150654671033384960,OH,H,EH
1157628894549331968,OH,H,EH
1146427620411789312,C,C,C
1144388135368962050,C,C,C
1141849851333894144,C,C,C
1164856306668310533,OH,H,EH
1163540619303825409,OH,H,GH
1113183830167490560,OH,O,O
1139378247798362117,OH,O,O
1120442823474601984,C,C,C
1161744058877960197,C,C,C
1140395653824229378,C,C,C
1128438871581167618,C,C,C
1162129328378961920,OH,H,GH
1131711399313530880,C,C,C
1143284216467206146,C,C,C
1172250492191293440,C,C,C
1175175084027154433,C,C,C
1146192367344656384,C,C,C
1141492875437531136,C,C,C
1113586750985834496,OH,O,O
1119677291410313217,C,C,C
1176285021658931201,C,C,C
1120777577852035072,C,C,C
1117202696963002368,C,C,C
1167223211324596224,C,C,C
1170804454800711680,OH,H,RG
1162502173042839552,C,C,C
1152861021767446528,C,C,C
1162514371538501634,OH,O,O
1173022360959684610,C,C,C
1170104500838916099,C,C,C
1125397446497058816,C,C,C
1138579861038096384,C,C,C
1159481097606041607,C,C,C
1137095988819222528,OH,H,RG
1114315360055042048,C,C,C
1162934370912657408,OH,O,O
1116336653604356097,C,C,C
1119353456114925568,OH,O,O
1141098720051830784,OH,H,RG
1114277235626790912,C,C,C
1161761466871164929,C,C,C
1142880730382569473,OH,H,EH
1162513992390184960,C,C,C
1135689530365960192,C,C,C
1134977649363902465,C,C,C
1122988707496198144,C,C,C
1117577326722789376,C,C,C
1155318602616229888,OH,O,O
1154017427019186177,OH,H,GH
1160339749770539008,C,C,C
1117488372023476224,C,C,C
1129164395530080256,OH,H,NH
1127296391645102081,C,C,C
1123703940208582661,C,C,C
1152350820761030658,C,C,C
1114987749231276034,C,C,C
1178452871668469760,OH,H,RG
1158791266857041920,OH,O,O
1141509695498260481,OH,H,EH
1139317602654793730,C,C,C
1117101750849298434,C,C,C
1121032333249925120,C,C,C
1158484804222013442,C,C,C
1127721109921644545,OH,H,NH
1171551395113312256,C,C,C
1137449352220368897,C,C,C
1135667763022839810,C,C,C
1113724284034269184,C,C,C
1152718932194856960,OH,H,RG
1142937612216410117,OH,O,O
1169932381563817984,C,C,C
1171873526502084608,C,C,C
1152192802723377152,OH,H,GH
1137717305364897792,C,C,C
1120839357898854402,C,C,C
1121729090950717440,C,C,C
1142873669968027648,C,C,C
1137479559878717446,C,C,C
1147949211876548608,C,C,C
1131685214395215873,C,C,C
1121917190326894597,C,C,C
1140463283176128512,OH,H,NH
1112809606122795008,C,C,C
1135474167921422336,C,C,C
1113849139496988672,OH,H,RG
1171883708204355585,C,C,C
1144347492051558401,C,C,C
1167078663365509120,OH,H,RG
1146526325668270080,C,C,C
1147638956122681347,C,C,C
1144001248896724992,C,C,C
1149815815518265345,C,C,C
1173673965392449537,OH,H,NH
1142758779454402560,OH,H,GH
1113446309384663042,C,C,C
1118284501841580032,C,C,C
1151176881296855040,C,C,C
1115753559344209920,C,C,C
1127714139495747584,C,C,C
1154525042111340544,OH,O,O
1144361037153677313,C,C,C
1146552413257633792,C,C,C
1146567219029188609,C,C,C
1137031421804126208,C,C,C
1115038242653470725,C,C,C
1152004440087355393,C,C,C
1143668680410181632,C,C,C
1177152464241381377,OH,H,NH
1158486641008357377,OH,H,EH
1178134511999160321,OH,H,EH
1148742319526600705,C,C,C
1159611595577839616,C,C,C
1117168128658690048,C,C,C
1165720843961475073,OH,H,GH
1164683577369477120,OH,H,RG
1176213055505686528,C,C,C
1120836423857446913,C,C,C
1120106058725433344,OH,H,RG
1155080326810669058,C,C,C
1138931906249146368,C,C,C
1144132392745078784,OH,H,GH
1136418956305149952,C,C,C
1153445127895093248,OH,H,GH
1126232882836537350,C,C,C
1146919738603429888,OH,H,RG
1163942820689993728,C,C,C
1117488852732731392,C,C,C
1131326124129234945,C,C,C
1130939534458445824,C,C,C
1150432435198406657,C,C,C
1142439936987148288,OH,H,NH
1122963606516183041,C,C,C
1124355692012429312,C,C,C
1124400615675826176,C,C,C
1145077912581922816,C,C,C
1148734133587382272,C,C,C
1135813420920516608,C,C,C
1158648233964580864,C,C,C
1172994581249568768,OH,H,EH
1126550000740315136,C,C,C
1166342029477142528,OH,O,O
1126272076292272130,C,C,C
1134985247332941824,C,C,C
1134948685526306816,C,C,C
1152832608151179264,OH,H,NH
1136620081599959040,OH,O,O
1161789595299831808,OH,O,O
1125039365573488640,C,C,C
1173906787520647171,C,C,C
1140417617662009344,C,C,C
1116476141865512960,OH,O,O
1126637511864922112,C,C,C
1165365585372504065,OH,H,EH
1142471833897377792,C,C,C
1162358300748520000,OH,H,GH
1133056998583480320,C,C,C
1140304724803145728,C,C,C
1162802724968288262,C,C,C
1154879779545518080,OH,H,NH
1154642617759649792,C,C,C
1153842580737667072,C,C,C
1140116435168985088,C,C,C
1143770950003019777,C,C,C
1138225038031761409,C,C,C
1113953219334557696,C,C,C
1138588373646532609,C,C,C
1142213712046186497,C,C,C
1160263172089163782,C,C,C
1158506153116131328,OH,H,RG
1174056510739177474,OH,H,RG
1115708370223357952,C,C,C
1136760919147646976,C,C,C
1141453783186251776,C,C,C
1140955598743390000,OH,O,O
1146147872607543296,C,C,C
1119749716189773824,OH,O,O
1174092956816592896,C,C,C
1132072918698078210,C,C,C
1167021475800502272,OH,H,EH
1177998792001499140,C,C,C
1136773496976154624,C,C,C
1144042253649944577,C,C,C
1163236799055089664,C,C,C
1137146682762760192,C,C,C
1146201451271790592,OH,H,GH
1113733341428244480,C,C,C
1168856952706949121,C,C,C
1126936199816458241,C,C,C
1169554603999989761,OH,H,EH
1134957358319362048,C,C,C
1136730314871644165,C,C,C
1146713024008511489,OH,H,NH
1163217502077423617,OH,O,O
1175516046561828865,OH,H,RG
1146785068364570626,C,C,C
1118642858435719168,C,C,C
1152728140847992834,OH,H,EH
1119721131831906304,C,C,C
1174830873935589376,OH,H,RG
1161732047410479104,OH,H,GH
1138221846594281472,C,C,C
1148719028027961346,C,C,C
1117181484790685696,C,C,C
1138391627146379264,C,C,C
1155971570289876994,C,C,C
1170822410532249605,OH,H,RG
1125188197816963074,C,C,C
1115353360360714240,C,C,C
1141124986662465536,C,C,C
1120061969162285056,C,C,C
1126221458613710850,C,C,C
1126906229375361024,C,C,C
1145390110248226822,OH,O,O
1154890991347933184,C,C,C
1150882518515834881,OH,H,NH
1155266150776922113,OH,H,RG
1143791806527803392,C,C,C
1133880668461707265,C,C,C
1113865901126901760,C,C,C
1144096936879960065,C,C,C
1158496185222672385,C,C,C
1156804219606851585,OH,H,EH
1147969841678245888,C,C,C
1135334882488532992,C,C,C
1115267683132506117,C,C,C
1136521415228829696,OH,H,GH
1150152673095770112,C,C,C
1135986686234714113,C,C,C
1136059633074880512,C,C,C
1158527879677960192,C,C,C
1144726094337236992,C,C,C
1151447622361710000,C,C,C
1157439590715854848,C,C,C
1129858702327066624,C,C,C
1138154384242696193,C,C,C
1164389312336683009,OH,O,O
1132072595124301824,C,C,C
1175853701577236480,C,C,C
1163722735098445830,OH,H,GH
1124798081730600961,C,C,C
1138766083777843200,C,C,C
1155220279448219653,C,C,C
1137508211039358977,OH,H,RG
1162151586136805380,OH,O,O
1127292102755475457,C,C,C
1145115634604347392,C,C,C
1170312625676267528,OH,H,NH
1115036783308431360,C,C,C
1141838338447597570,C,C,C
1163849353980760065,OH,H,EH
1163601185489805313,C,C,C
1130079930283384832,OH,H,NH
1175919245139611649,C,C,C
1170808583640047618,C,C,C
1172974024932102144,OH,O,O
1172647906614005762,C,C,C
1121888529796292609,C,C,C
1115740570192945152,C,C,C
1173736491241156608,C,C,C
1159139211993395200,OH,H,NH
1158623295203360768,C,C,C
1140768112469577728,C,C,C
1142203965947490304,C,C,C
1154683338906644481,OH,H,EH
1123727999763918849,C,C,C
1163941194101116929,C,C,C
1125893540461125632,OH,O,O
1148681839671959552,OH,O,O
1128398778959126533,OH,O,O
1162800524262957056,OH,H,EH
1112857100412243968,OH,O,O
1120060716705357824,C,C,C
1178383853192384516,OH,H,RG
1114270972473946112,C,C,C
1146921883146903552,C,C,C
1157851915255996416,OH,H,GH
1170177812449415169,C,C,C
1144754793673572353,C,C,C
1135605814138478593,OH,O,O
1161362606151675904,OH,H,NH
1174834656577036291,OH,H,NH
1157031435552854017,C,C,C
1141129809927573504,C,C,C
1135281367347060736,C,C,C
1115292967651115008,C,C,C
1165251676556709893,OH,H,GH
1165497871921287168,OH,H,GH
1114657084195340289,OH,H,NH
1136611758112694273,C,C,C
1164312818566541313,C,C,C
1136015190670155778,C,C,C
1158514901557661697,C,C,C
1113532294936002560,C,C,C
1149791504996741121,OH,H,GH
1150185226355773440,C,C,C
1159402962873126912,OH,H,GH
1163238203396165633,C,C,C
1173732604866179078,OH,H,RG
1128066644243374085,C,C,C
1113901947491368960,C,C,C
1147392692269277185,OH,H,GH
1150487267691106304,C,C,C
1172612733482733568,OH,H,EH
1173311534526849025,OH,H,EH
1121489334115414016,C,C,C
1115766059183869952,OH,H,RG
1140040628270718976,C,C,C
1151943639834214400,C,C,C
1127284809640947715,C,C,C
1142844749570805765,OH,O,O
1147168683715940353,C,C,C
1178441922169507840,C,C,C
1147474205476368384,C,C,C
1138167244134002688,C,C,C
1117504677686460417,C,C,C
1144989110542700546,C,C,C
1175376962728136704,C,C,C
1115477621062754304,C,C,C
1142177414468046849,C,C,C
1158526697987289088,C,C,C
1135978204173348866,C,C,C
1166838224871931904,C,C,C
1167195871521517570,OH,H,EH
1136782513718857729,C,C,C
1135764054906159105,C,C,C
1166946462686687233,OH,H,GH
1153802765937696769,C,C,C
1162875541327925255,C,C,C
1177210849691353088,C,C,C
1170847326086320128,OH,H,RG
1155011141535522816,C,C,C
1129061658121383938,C,C,C
1159250575378321416,C,C,C
1131295698379595776,C,C,C
1140617156016640005,C,C,C
1152681192438882308,OH,H,EH
1153439467375665152,OH,H,GH
1141077132178837504,C,C,C
1138871243585859584,OH,H,NH
1139659231093829632,C,C,C
1135695458742018049,C,C,C
1157377375660851200,OH,H,EH
1135697260472414210,C,C,C
1141295869905571840,OH,H,NH
1114647449963044864,C,C,C
1153015809817698304,OH,H,EH
1158890359809814536,C,C,C
1172626264953434112,C,C,C
1119697125753925632,C,C,C
1173021074709254146,OH,H,RG
1166456676029030401,C,C,C
1141672062932705285,C,C,C
1126626101944623104,C,C,C
1136126198159937536,C,C,C
1137836863761330176,C,C,C
1141121035665727488,OH,H,GH
1170474557305569280,OH,H,GH
1149465057907970048,C,C,C
1140044545322881024,OH,H,RG
1154815167999422465,OH,H,EH
1159612428495331328,C,C,C
1152634553653170176,C,C,C
1161117064125399040,C,C,C
1157268370124918784,C,C,C
1161076811251572737,OH,H,GH
1167910474379214848,OH,O,O
1173472169407537153,C,C,C
1138565587230187526,OH,H,NH
1097479276037894145,OH,H,EH
1137416789648916480,OH,H,GH
1151223647509647360,C,C,C
1172863393801351174,OH,H,EH
1165037969306202113,C,C,C
1131348036016377857,C,C,C
1112710754279534592,C,C,C
1142509701344714757,C,C,C
1176094600030752768,OH,H,GH
1163401808355766272,C,C,C
1113588967201562625,C,C,C
1172945447595466752,C,C,C
1163128509763428352,C,C,C
1138204204152033282,OH,H,RG
1138109583577270000,C,C,C
1166022782083313665,OH,O,O
1137415169217310000,OH,O,O
1122900376955641856,C,C,C
1138223692415143937,C,C,C
1159251564810387457,C,C,C
1158163064988065792,C,C,C
1137736019766370304,C,C,C
1124490181158014976,C,C,C
1144725098491871233,C,C,C
1161745898927472641,C,C,C
1166791751077642240,C,C,C
1115763644585992192,C,C,C
1164379270220865536,OH,H,NH
1129106883741126656,OH,O,O
1137144055589212160,C,C,C
1146169940015063040,C,C,C
1156862789559955456,OH,H,EH
1150511178076106758,C,C,C
1147611544232124416,OH,H,NH
1149423767011123200,C,C,C
1121200089635196928,C,C,C
1173557396637212672,C,C,C
1146928893552672768,OH,O,O
1154510605321195521,OH,H,EH
1119748973277917185,C,C,C
1158834072527003650,OH,H,GH
1137867942513860609,C,C,C
1138232649611436033,C,C,C
1151610075225690116,C,C,C
1177700695639822336,OH,H,GH
1152923898805178374,C,C,C
1135570125480976386,C,C,C
1142209848987267072,C,C,C
1144728358334455808,OH,H,RG
1158494714770972677,C,C,C
1122978372219486214,C,C,C
1160334932088119302,OH,H,NH
1175498178508066818,OH,O,O
1136784151753973760,C,C,C
1139678638629146624,C,C,C
1165423121354100737,OH,O,O
1178131712049434624,OH,H,EH
1164885103375503360,C,C,C
1140432061813207040,OH,H,EH
1149791439401947136,C,C,C
1153444049619226625,OH,H,GH
1113202609504931840,C,C,C
1147982811753790000,OH,O,O
1135864392917110000,OH,O,O
1131656331054788608,C,C,C
1145957045184675841,OH,H,GH
1162477705587302401,C,C,C
1148013000714051590,C,C,C
1146701504256065537,C,C,C
1166137700669431808,C,C,C
1114113794899415040,C,C,C
1142502401708101633,OH,H,NH
1141409073583312896,OH,H,NH
1169015755125481474,C,C,C
1119742137107722247,C,C,C
1113482463349809152,C,C,C
1159047128750198785,C,C,C
1159775736657522688,OH,O,O
1175196746445742087,OH,O,O
1114289218191339521,C,C,C
1149239833610674177,OH,O,O
1161011519339008003,C,C,C
1137761272265682944,C,C,C
1162874800391577601,C,C,C
1139635464149843968,OH,H,NH
1134970984170184704,C,C,C
1136347972604694528,OH,H,NH
1135914432674971648,C,C,C
1163522784150151170,C,C,C
1167142470007820288,OH,H,GH
1135279236367958018,C,C,C
1141805112547041280,OH,O,O
1169912641000759296,OH,H,EH
1123716283260915712,OH,H,GH
1143871190450212864,OH,H,EH
1154113763290832896,C,C,C
1113179310435827713,C,C,C
1136755507887321088,OH,O,O
1151624746561417216,C,C,C
1119535569116200961,C,C,C
1155124509084737543,C,C,C
1121845659202727936,C,C,C
1139677741362663426,C,C,C
1139682827463561218,C,C,C
1149056246118520000,C,C,C
1143645979289227265,C,C,C
1099269560144928768,OH,H,EH
1157613845223038976,C,C,C
1115039609858220033,OH,H,EH
1152356656593985537,C,C,C
1137857678405984257,C,C,C
1144366438255398912,C,C,C
1126265344803340289,OH,H,RG
1160588242103808000,OH,H,RG
1161424232292728833,OH,H,EH
1145805767909478400,OH,H,NH
1171180505217273857,C,C,C
1171537480576897024,C,C,C
1143260630843043841,C,C,C
1154287644052004864,C,C,C
1169331182011650048,C,C,C
1172784105374846976,C,C,C
1115039498667266048,C,C,C
1155627938399830018,C,C,C
1166088042156892160,OH,H,GH
1114575713057816579,C,C,C
1176970836600926208,C,C,C
1124101077756993536,C,C,C
1116800896065855489,C,C,C
1175673628136038405,OH,H,RG
1136018099151486976,C,C,C
1128730679808802817,C,C,C
1138562003621036032,C,C,C
1178456478954512385,C,C,C
1116051051805913090,C,C,C
1163218247572951040,OH,O,O
1153560141175970000,OH,H,GH
1144759512961884160,C,C,C
1136716526185328641,OH,H,GH
1176010815117434880,OH,H,NH
1142750750826729473,C,C,C
1171924389283188737,C,C,C
1157312865537265664,C,C,C
1174925070239617024,C,C,C
1137370294669238273,C,C,C
1122622336149143552,OH,H,RG
1158524191878127616,C,C,C
1178388336144273410,OH,H,RG
1162133462649888768,OH,H,GH
1139287614912118784,C,C,C
1136622269709586435,OH,H,NH
1118936135202422786,OH,O,O
1143296524711026688,C,C,C
1155956342160424963,C,C,C
1151586912550948865,C,C,C
1115994082365661184,C,C,C
1172834228553310209,OH,H,EH
1127699707726389249,C,C,C
1152255233483051009,OH,H,GH
1173670963361325056,C,C,C
1159430339418382340,OH,O,O
1144360483287379968,OH,H,EH
1163211245723553792,OH,O,O
1142525494140768256,C,C,C
1166084985490747393,OH,H,EH
1135944284119740421,C,C,C
1139669848567554050,OH,H,NH
1132781229370224649,C,C,C
1150907365736292354,OH,H,EH
1164193993930002432,OH,H,GH
1157062972541480961,C,C,C
1149453619906920449,C,C,C
1151279284922851329,C,C,C
1157067299800723456,C,C,C
1119299435790589952,C,C,C
1119267641175228422,C,C,C
1120797466977292290,C,C,C
1143991112836800513,C,C,C
1137832764907118593,C,C,C
1162439914513981440,C,C,C
1123702734182653954,OH,O,O
1146916373307805696,C,C,C
1160298895601274882,OH,H,GH
1156969777988087814,OH,O,O
1163187344058593281,C,C,C
1137483917760573441,C,C,C
1115033490783862785,OH,O,O
1115015152649289728,C,C,C
1145644020506464256,OH,O,O
1163587586440515584,OH,O,O
1159534342328279043,C,C,C
1153795409858289670,C,C,C
1168664146805710849,C,C,C
1166392307874242560,C,C,C
1141485108026908673,C,C,C
1147634631048663040,C,C,C
1177173752435621889,OH,H,RG
1135333405024014342,OH,H,GH
1130612684892901382,C,C,C
1177728531431854081,C,C,C
1135288957992878083,C,C,C
1168181371484942336,C,C,C
1124815779571093505,C,C,C
1127397878434017280,C,C,C
1132741181761368064,C,C,C
1149829108639174656,C,C,C
1118559080019386370,C,C,C
1162745651970621440,C,C,C
1154837954638032897,OH,H,GH
1131518691143835648,OH,H,EH
1128098001917042688,OH,O,O
1146084037959835648,C,C,C
1135555919058747392,C,C,C
1172257440206852112,OH,H,GH
1155575980473376770,OH,H,EH
1165649994453580000,OH,H,GH
1171935658732077056,C,C,C
1136309539740016640,OH,H,NH
1162874608539852805,C,C,C
1153742901781958664,C,C,C
1142497683611037696,C,C,C
1160321541374193664,C,C,C
1171090226145632256,C,C,C
1154094575927144453,C,C,C
1177225073012305920,OH,H,EH
1142403645486637058,OH,O,O
1166850805833617408,C,C,C
1127361831671095296,C,C,C
1177704017016827911,OH,H,RG
1146978300171960321,C,C,C
1176922569217323011,OH,H,EH
1163959045365125122,OH,H,GH
1170817210345897984,C,C,C
1177578252258414592,C,C,C
1136308545379545088,C,C,C
1161801471693922304,OH,H,EH
1174833127186939905,OH,O,O
1138579077252681728,C,C,C
1113871918015369217,C,C,C
1143307212464541696,OH,H,GH
1157446377057726465,C,C,C
1161060129447526403,C,C,C
1159774472234078208,OH,H,GH
1162108090814214144,OH,O,O
1143997800897794048,C,C,C
1138569801033506816,OH,H,RG
1162434151137648640,OH,O,O
1163875815752425473,OH,H,NH
1168643037448364032,C,C,C
1139295106689904640,C,C,C
1126201471664570369,C,C,C
1177847594556559360,C,C,C
1120382369238790146,C,C,C
1138579814548418560,C,C,C
1142215461909782529,C,C,C
1140172235371626496,C,C,C
1115739706510249984,C,C,C
1135622175845756930,OH,H,NH
1150915827463364608,OH,O,O
1150914301798035457,C,C,C
1162367366757605377,C,C,C
1144727314519007232,OH,H,GH
1164271946143604737,C,C,C
1138076570508308480,OH,H,GH
1143597637276446721,C,C,C
1174615478498668544,OH,H,RG
1116393606355533824,C,C,C
1138442140248416257,C,C,C
1165047412236439552,OH,H,EH
1158888412973326342,C,C,C
1137870375172358144,OH,H,RG
1159578957341253634,C,C,C
1143641081436889088,C,C,C
1125551496010063872,C,C,C
1113047931131740165,C,C,C
1120113567385182210,C,C,C
1178418243779923968,C,C,C
1143935117716594688,C,C,C
1138552319883264000,C,C,C
1171443589236133888,C,C,C
1169340925937639424,OH,H,RG
1138958510547460096,C,C,C
1121541431317925888,C,C,C
1157075836371177472,C,C,C
1115740068415791106,C,C,C
1137532481140416514,OH,H,RG
1142206078077288448,C,C,C
1143282617342730240,C,C,C
1146386803533987840,C,C,C
1149450312102678528,C,C,C
1163236370875334662,C,C,C
1139121073075761153,OH,H,RG
1127372780473856000,OH,H,NH
1154152996713959425,C,C,C
1156787976921387008,OH,H,NH
1136753278274953216,C,C,C
1149824602593464320,OH,O,O
1135693139115728896,OH,O,O
1135743037542457344,C,C,C
1138018120499642369,C,C,C
1171194748016574464,OH,H,RG
1120067266593341441,C,C,C
1135270846153580544,C,C,C
1115733103425794050,C,C,C
1150138941531725825,C,C,C
1137477074594258945,OH,H,NH
1172932359710265344,C,C,C
1154071558710800385,OH,H,GH
1119666928937840640,OH,H,EH
1147251118512189440,C,C,C
1116829233731522560,C,C,C
1176996312526598144,OH,H,EH
1165735071644639232,OH,O,O
1117535378540515328,C,C,C
1117935917082263557,C,C,C
1144748115511119874,OH,O,O
1112708426025652224,OH,H,RG
1128003482978537474,C,C,C
1161831282533425152,OH,H,GH
1159198882884149248,C,C,C
1127548929590145024,OH,O,O
1154694632783196160,C,C,C
1132071163058884608,C,C,C
1153052074713767938,OH,O,O
1142111551643672586,OH,H,NH
1161723354434482179,C,C,C
1176147697935495169,OH,H,EH
1156513947014574080,OH,O,O
1140295790168072194,C,C,C
1144967196457754624,OH,H,NH
1158114947857092609,C,C,C
1171461127319875585,C,C,C
1158102931675258881,C,C,C
1147163111755042818,C,C,C
1145783112598728706,C,C,C
1118097509115731968,C,C,C
1138878685585510400,C,C,C
1141109842117107712,C,C,C
1134984286971584513,C,C,C
1141941837520879618,OH,H,NH
1141495007720943617,C,C,C
1141841222857678850,C,C,C
1165601211032250000,OH,H,GH
1144384775815421952,OH,H,RG
1128443691201454084,OH,H,RG
1140566373229314049,OH,H,EH
1155095052097675264,OH,H,EH
1149943969045980000,OH,O,O
1148337930013945856,OH,H,GH
1158983308136632320,OH,O,O
1178260699430166529,OH,H,RG
1154440763750719490,OH,H,GH
1115015784575774721,C,C,C
1159867944861671425,OH,H,GH
1157908949846364161,OH,H,GH
1145118524425330693,C,C,C
1142595074871705600,C,C,C
1141768977548546053,OH,H,RG
1136296485472149504,C,C,C
1176843694101749763,OH,H,EH
1147292332678635520,C,C,C
1125184645174312961,C,C,C
1145843517283098624,C,C,C
1135686587726127106,C,C,C
1149617597333139457,OH,O,O
1158781491733848064,C,C,C
1167107811089747974,C,C,C
1166471721626624006,C,C,C
1145985326621626368,OH,O,O
1117576683253641216,C,C,C
1150192508573495296,C,C,C
1152736358357766146,OH,H,EH
1152374349736927233,OH,H,GH
1130237902779244545,C,C,C
1158514562775339011,C,C,C
1167072353752428545,OH,H,RG
1142836005260713984,C,C,C
1137493622738305024,OH,H,RG
1136419864892137472,C,C,C
1116115091592744962,C,C,C
1144031170729893888,C,C,C
1126607132680491010,OH,H,EH
1166500328600195073,OH,H,RG
1119601562870067202,OH,O,O
1145845254769303552,C,C,C
1158506191787610113,C,C,C
1122150761968881667,C,C,C
1133862057269485569,C,C,C
1160261300838158336,C,C,C
1140763832316497920,OH,H,NH
1124818170970243079,C,C,C
1148238767691579392,C,C,C
1178314618248290309,C,C,C
1142153373749305344,C,C,C
1113048156638507009,C,C,C
1161835296209739777,OH,H,NH
1137756334655455233,C,C,C
1145226383502827522,OH,O,O
1150902793546489856,C,C,C
1147267401618219020,OH,H,EH
1159230632360386561,C,C,C
1138566350815866881,C,C,C
1160335813407907840,C,C,C
1140288507648315393,C,C,C
1139979412475129856,C,C,C
1155610371606155270,OH,H,EH
1139263902141861889,C,C,C
1115218904241049600,C,C,C
1115507554862469122,OH,H,RG
1149104868382191617,C,C,C
1155972912639139841,C,C,C
1169440046132473856,OH,H,EH
1148990673024094208,OH,H,EH
1172286783763206145,OH,H,EH
1163236464240541698,C,C,C
1152722712340717568,OH,H,GH
1139306877710454784,C,C,C
1178010893575245829,OH,H,EH
1141100925362327559,C,C,C
1114652784593387521,C,C,C
1140951794610311168,OH,H,NH
1151547496755330000,OH,O,O
1132389657562501121,C,C,C
1166307753687683073,OH,H,EH
1174688085801603073,OH,H,RG
1158523432390275072,OH,H,GH
1158782310113775616,C,C,C
1170093503629672448,OH,O,O
1174406301453049856,C,C,C
1143280444437409794,OH,H,EH
1163199483053846529,C,C,C
1147409534832586752,C,C,C
1142866117561597952,OH,H,NH
1113942574455115776,OH,H,NH
1171900850131951616,OH,H,EH
1144335645235720193,OH,H,RG
1152327937703796737,C,C,C
1148379084709421056,OH,O,O
1137111535510274048,OH,H,NH
1153182053233560000,OH,H,GH
1155622593178820608,OH,H,NH
1150191840588718080,OH,H,RG
1143650492855328769,C,C,C
1114266727813140482,C,C,C
1150528104798072838,C,C,C
1174888623847530506,OH,H,RG
1158142642846408711,C,C,C
1133511373806342146,C,C,C
1138361868798648320,OH,H,NH
1150906004864942081,C,C,C
1162669709457854464,C,C,C
1176053786818863105,OH,H,RG
1150555020557000705,OH,O,O
1169619483440422913,C,C,C
1131286294024339457,C,C,C
1141109261088493568,C,C,C
1121198684539105280,C,C,C
1147053351588311046,OH,H,EH
1145734832837877761,C,C,C
1130181862905778176,OH,H,EH
1117531842280923136,C,C,C
1153848858381885441,C,C,C
1144746667188654081,C,C,C
1140708468195811328,OH,H,NH
1174576379666604032,C,C,C
1138798476274409472,C,C,C
1162469193792577542,OH,H,RG
1118087873859923969,C,C,C
1165272310305234944,C,C,C
1137266853708029953,C,C,C
1125548738053718016,C,C,C
1134637067701501957,C,C,C
1138560722303180802,C,C,C
1133468512792522752,C,C,C
1164497378851852288,OH,H,RG
1151847641405448192,OH,H,GH
1143664018244194306,OH,H,GH
1150175112257245184,C,C,C
1136681714477096960,C,C,C
1160665416655679492,C,C,C
1175034497454227457,C,C,C
1149055199119646725,C,C,C
1170446287663226881,C,C,C
1140939109424390144,C,C,C
1133863903409184768,C,C,C
1171210227187933185,C,C,C
1148665300679823360,C,C,C
1115367090980937728,OH,H,RG
1137440088269438977,C,C,C
1127723470601764874,C,C,C
1165973974892863488,OH,H,GH
1118469278884343814,C,C,C
1153778590686883845,OH,H,NH
1163517325766725632,OH,O,O
1176557020427771908,OH,H,EH
1166403131820969985,C,C,C
1145405056071680005,OH,H,NH
1133521026472665089,C,C,C
1143292857274589189,C,C,C
1157665251145506817,C,C,C
1136668185216868352,C,C,C
1138546750673883136,C,C,C
1140366852478181381,C,C,C
1157589475536584704,OH,O,O
1118579808894693376,C,C,C
1138153554286403584,OH,H,NH
1172110990311378944,C,C,C
1114635680259432449,C,C,C
1171551689184296960,C,C,C
1126985826070618112,C,C,C
1163124954071732224,C,C,C
1123991665851686914,C,C,C
1137522339040628737,OH,H,GH
1146568803779842049,C,C,C
1147135957667373057,OH,H,EH
1153671598001573888,C,C,C
1136396019472748549,C,C,C
1162704760308453376,OH,H,GH
1143920923139104768,C,C,C
1154177030524678145,C,C,C
1149102680658382854,C,C,C
1152688109659836416,C,C,C
1127350509835313154,OH,O,O
1169742221433872385,C,C,C
1174803569721131008,C,C,C
1159189203965681667,C,C,C
1169377647094378498,OH,H,NH
1138370871570120705,C,C,C
1175860672665706497,C,C,C
1175884863444049921,OH,O,O
1162150020705112064,C,C,C
1114945993915674624,C,C,C
1114830039151984640,C,C,C
1121561077928665089,C,C,C
1149467279391723521,C,C,C
1144329038607147013,C,C,C
1142925051135741958,OH,H,GH
1150548767101333504,C,C,C
1117787214149238786,C,C,C
1177569607604932608,OH,H,EH
1141118102203260928,C,C,C
1113838453312167936,C,C,C
1168616423477960705,OH,H,EH
1153608208646361088,OH,H,NH
1155250562436337664,C,C,C
1120099263135010817,OH,H,GH
1161039139761995776,C,C,C
1175528456081301504,C,C,C
1119003197098680321,C,C,C
1180148838780358658,OH,H,GH
1128810513964634112,C,C,C
1163728139761201152,C,C,C
1177242621720301569,OH,H,GH
1174418359204679680,C,C,C
1174451091091742721,OH,H,EH
1124033565497397248,C,C,C
1139786597790973953,C,C,C
1150876684792553472,OH,O,O
1113941581898362880,OH,H,NH
1136113884983713793,C,C,C
1150187721970860032,C,C,C
1129231333862105089,OH,H,NH
1138925976296087553,C,C,C
1135671663515906048,C,C,C
1159964782327410688,C,C,C
1136754579058712576,OH,O,O
1142240274766282753,OH,H,GH
1161773960482217984,C,C,C
1122282313038090241,C,C,C
1157429266663055366,C,C,C
1164543297676877826,OH,H,NH
1154903053633540098,C,C,C
1132072174985076736,C,C,C
1161384538980982784,OH,O,O
1153358031847153664,OH,O,O
1153753299130245120,C,C,C
1126999941908500482,C,C,C
1143660702047096832,C,C,C
1120460906901721089,OH,H,EH
1137432309882335232,OH,H,EH
1144378774278029316,OH,O,O
1150481052680556546,C,C,C
1153713253979238400,C,C,C
1172281711545212930,C,C,C
1150552604126187522,C,C,C
1157076769448574977,C,C,C
1142474339889139712,OH,H,RG
1153285707932344320,OH,H,GH
1178441953064570880,C,C,C
1155227547384385536,C,C,C
1172657124494782466,C,C,C
1120455323028996100,OH,O,O
1122586635357569025,C,C,C
1122970926113542145,C,C,C
1170843977593118722,OH,H,RG
1113590607648296960,C,C,C
1142425346219941888,C,C,C
1161315132636651522,C,C,C
1152718804826435584,C,C,C
1144739919732105221,C,C,C
1143811267439865856,C,C,C
1135992316710326272,C,C,C
1166328955256934400,OH,H,GH
1160797691900809216,OH,H,GH
1117162813401849856,OH,H,NH
1125859939807825921,C,C,C
1143623069212250113,OH,H,RG
1154167936489263106,OH,H,RG
1151633365533151233,C,C,C
1166128522865336320,C,C,C
1150835860419547141,C,C,C
1136258296489361411,C,C,C
1165297490809237505,OH,O,O
1179573200553947140,OH,H,EH
1149254529390665728,OH,H,GH
1136771791312052224,C,C,C
1135139118822961152,C,C,C
1157802585333653509,C,C,C
1114259369619853313,C,C,C
1143836837590568960,OH,O,O
1122206866979864577,C,C,C
1142070269110050819,C,C,C
1127614993288048640,OH,O,O
1136057484324614145,C,C,C
1171910989509533697,C,C,C
1154854783813111808,OH,H,GH
1114467037064175616,C,C,C
1155766951068803072,OH,H,NH
1160699249610436608,C,C,C
1115881498610212864,OH,O,O
1129149589024661505,C,C,C
1175596779380924418,C,C,C
1113523459420839936,C,C,C
1138591188460720129,OH,H,GH
1156992575477288960,C,C,C
1151570872425242625,OH,H,GH
1133433873055064065,OH,H,RG
1150881628694175755,C,C,C
1151635690922434566,C,C,C
1140512806070038532,OH,H,NH
1174988556496003072,OH,H,RG
1126636401121013760,OH,H,RG
1139260291311685632,C,C,C
1177233271140356096,OH,H,EH
1145096763344400385,C,C,C
1147237832970424320,OH,H,EH
1142576671482101760,C,C,C
1120172069713584129,C,C,C
1136297000914358273,OH,H,NH
1159950099910410240,C,C,C
1138942683408474112,OH,H,GH
1150158720879472641,C,C,C
1135223554990051328,OH,H,RG
1150903034102329347,OH,H,GH
1146160282831601664,C,C,C
1175527585289314304,C,C,C
1139320096193753089,C,C,C
1119682777471963136,C,C,C
1149061229756977154,OH,O,O
1129757523358179333,C,C,C
1114650417886126085,OH,H,RG
1136422293427687429,C,C,C
1169352382729392137,C,C,C
1136921365720772608,OH,H,RG
1155211314828062720,OH,H,EH
1157039727104729088,C,C,C
1177358560025546753,OH,H,EH
1157719696076083201,C,C,C
1141107048312180736,C,C,C
1148742137808400385,C,C,C
1138212229164273666,C,C,C
1154856487648419849,C,C,C
1151966419610943488,OH,O,O
1166101081908137985,OH,H,EH
1137625799845191680,OH,H,RG
1119020629968207873,OH,O,O
1152875008613634049,C,C,C
1170097301446156290,OH,H,RG
1139273819431079956,C,C,C
1176239947998814215,C,C,C
1140030114517794816,OH,H,GH
1144723928079843328,C,C,C
1161535367394267136,C,C,C
1137844534405210112,C,C,C
1120810291837718528,C,C,C
1159589792939761665,OH,H,NH
1118949270407786497,C,C,C
1144017582112092160,C,C,C
1163593574165995520,C,C,C
1144289693623889920,C,C,C
1146198040509865984,C,C,C
1140086477214420000,OH,O,O
1122992093071323141,C,C,C
1162506156830535684,C,C,C
1177064147143548928,OH,O,O
1139505382240509952,C,C,C
1147653796199305216,OH,H,GH
1167036315927568384,C,C,C
1150916738130808832,OH,H,GH
1166745233868185600,C,C,C
1136781859592003584,C,C,C
1142912969795354625,C,C,C
1173307547618598918,C,C,C
1147463939602731010,OH,H,NH
1142219414655459333,C,C,C
1139681369779425280,C,C,C
1159154862690639872,C,C,C
1136376833518297090,C,C,C
1160571532579614720,OH,O,O
1144360276420173830,OH,H,EH
1161043569412587521,C,C,C
1164144980090339329,OH,O,O
1144233329065189376,C,C,C
1147909292428857345,C,C,C
1126238155152207872,OH,O,O
1151889299266244608,C,C,C
1153633948616003584,C,C,C
1176247706471325696,C,C,C
1135288327752552448,C,C,C
1177008725539921920,C,C,C
1144029807572738048,C,C,C
1124383050530525185,C,C,C
1114228932562358272,OH,O,O
1161451166301085698,OH,H,GH
1167175060823662595,C,C,C
1175802841887367168,C,C,C
1165902551130226688,C,C,C
1172467731674873856,OH,H,EH
1141723013303476224,OH,H,NH
1143564882509516801,C,C,C
1138578429475983361,C,C,C
1142856443051331584,C,C,C
1159566568625516549,C,C,C
1163810651246120961,OH,O,O
1122971945853693953,C,C,C
1141855667713695744,C,C,C
1128013964523319297,C,C,C
1139671373889101825,C,C,C
1168078927010717696,C,C,C
1165023037051285504,C,C,C
1115109180329877504,OH,O,O
1148368819041243136,C,C,C
1142509866206076933,C,C,C
1141841302356672517,C,C,C
1119989280993087489,OH,H,NH
1164686804613832704,OH,H,RG
1140939732102360000,OH,O,O
1118247209458458625,C,C,C
1163591516763447301,C,C,C
1160655068091301888,C,C,C
1120765741651963905,C,C,C
1172631407115546626,C,C,C
1151979477804691456,OH,H,GH
1135312232630423553,C,C,C
1173288278214266881,OH,H,NH
1141166787385528322,OH,H,NH
1127720766403960832,C,C,C
1166850707485548547,C,C,C
1140401290385772544,C,C,C
1137449129007886336,OH,H,RG
1138802908210847744,OH,H,NH
1134965871162658816,OH,H,EH
1113551421729857538,C,C,C
1135642649304686593,C,C,C
1162503202186629121,C,C,C
1141288308879835136,OH,H,NH
1129061789075951622,C,C,C
1160015644588421121,OH,H,EH
1176592632258027520,OH,H,EH
1161416453624610816,C,C,C
1125511795517677569,C,C,C
1138872398227419138,C,C,C
1166861668330168320,C,C,C
1146689311976370176,C,C,C
1159504977452253186,C,C,C
1149823960881815552,OH,H,NH
1123220739514163200,OH,H,GH
1155626348234313729,C,C,C
1165049782945165312,C,C,C
1130928779533213702,C,C,C
1158133882283331585,C,C,C
1138231961938477056,C,C,C
1133078605548929024,C,C,C
1171138320925151233,OH,H,EH
1163755829604077569,OH,H,GH
1162537929857798144,C,C,C
1158486473567547393,OH,H,NH
1124460244409692161,OH,O,O
1159596943431163911,OH,H,EH
1163853106381279232,OH,H,GH
1160649840600190976,C,C,C
1113543030349488128,C,C,C
1157078171017240577,C,C,C
1170440816571142145,C,C,C
1138931852385955840,C,C,C
1146112811178893313,OH,O,O
1161730131301474304,C,C,C
1171520210907459585,C,C,C
1177372952918208512,OH,H,GH
1146194381948559361,C,C,C
1115596775287545858,C,C,C
1140768289204912128,C,C,C
1130946625067732993,C,C,C
1160299808516648961,C,C,C
1155573200358662145,OH,H,NH
1152551342659055618,OH,H,GH
1162823336168185856,C,C,C
1118916247809343489,C,C,C
1141130984638865413,C,C,C
1157739049861488645,C,C,C
1130610404592431104,C,C,C
1174816543202512897,C,C,C
1138231387163713537,OH,H,GH
1133516107070005254,C,C,C
1112867194189369351,OH,H,RG
1140705570711846913,C,C,C
1167370562114654208,OH,H,RG
1165791091507048451,OH,O,O
1139177705163952129,C,C,C
1154514811281186817,C,C,C
1165570656542560257,OH,H,EH
1137225311001690000,OH,H,GH
1150162573574250503,C,C,C
1142216206914600960,C,C,C
1140543421704265728,C,C,C
1168886176025128962,C,C,C
1149812164468858881,C,C,C
1113191757620158464,C,C,C
1140197771238092800,OH,H,NH
1141473685188091904,OH,O,O
1122447485845352448,OH,H,EH
1162395360662294528,OH,H,EH
1143683386315329538,C,C,C
1131822734533697537,OH,H,RG
1142555577463267328,C,C,C
1139631023849967617,OH,O,O
1135656869635200000,OH,H,GH
1138107787744034818,OH,H,NH
1152347835712573440,OH,H,GH
1151118521897803776,C,C,C
1125217349672550400,C,C,C
1166424833263132673,C,C,C
1152330607403384832,C,C,C
1178377385575686144,C,C,C
1141805896441446402,OH,H,NH
1122285561199329280,C,C,C
1152003543311638528,OH,O,O
1116318967403032578,OH,O,O
1165935559677743104,OH,H,NH
1172904820484784128,OH,H,EH
1128724994257760258,C,C,C
1149367989126467588,C,C,C
1148727471715602432,C,C,C
1139706271593107461,C,C,C
1147753271655882752,OH,O,O
1176730154284060673,OH,H,RG
1125520003980320768,C,C,C
1146928804973207553,C,C,C
1152732536335929344,C,C,C
1156720016487792647,OH,H,NH
1130553708876578817,C,C,C
1123735643752890368,OH,H,GH
1136398594888622081,C,C,C
1152664934322507776,OH,H,NH
1121845271615483905,C,C,C
1114298599217729536,OH,H,GH
1143285876241444865,C,C,C
1121865351753428992,C,C,C
1153478182332506114,OH,H,NH
1140525511468340000,C,C,C
1146929215281029120,C,C,C
1157068514844389376,C,C,C
1162813461342117888,C,C,C
1139611235895382017,C,C,C
1167220807988330496,C,C,C
1162336771302154248,C,C,C
1173477450925453312,C,C,C
1118261985257447424,OH,O,O
1139847212085764098,C,C,C
1157681029299052545,C,C,C
1144755848138436608,C,C,C
1175018461975719936,OH,H,RG
1166373134909562880,C,C,C
1170775432247070720,C,C,C
1147235786011611141,C,C,C
1141000913454280705,C,C,C
1121801265732710400,OH,H,EH
1170459849995489285,OH,H,EH
1121554912792522754,OH,O,O
1155351542901477376,OH,O,O
1162034977988591616,C,C,C
1122204681269280770,C,C,C
1150139664868827137,C,C,C
1141456010072268801,C,C,C
1141294039121190912,OH,H,GH
1140591850681720833,C,C,C
1177302584505327616,C,C,C
1166533024420421632,C,C,C
1141107420690825216,OH,H,RG
1113408066324709376,C,C,C
1164208397484548096,OH,H,EH
1136029444961972224,C,C,C
1179035819362807808,OH,H,RG
1157093980754128897,OH,H,NH
1141650039128907776,OH,H,NH
1140286045906448384,C,C,C
1163960894864416768,OH,H,RG
1140946957898264577,C,C,C
1166609820251807745,OH,H,GH
1177694248130486272,C,C,C
1154577974924060000,OH,O,O
1125843924352946176,OH,O,O
1150508233544687617,OH,H,RG
1120391968725581830,C,C,C
1128000477407395841,C,C,C
1169741989547532294,C,C,C
1142187898353213441,C,C,C
1113559287312334849,C,C,C
1119312250198798339,C,C,C
1170439389572403204,C,C,C
1139752447365152769,C,C,C
1155021446948830000,OH,O,O
1140461272993021952,C,C,C
1158875630378856449,C,C,C
1121537743639568384,C,C,C
1158078855762108416,C,C,C
1140402899324952578,C,C,C
1149086356053921792,C,C,C
1161761785621467136,C,C,C
1140301977479499778,C,C,C
1161036759108640772,C,C,C
1141492544976695296,C,C,C
1137470298897428481,C,C,C
1151200942689325056,OH,H,NH
1138163507369861121,OH,H,NH
1126551088444968961,OH,H,NH
1151978137665884160,OH,H,NH
1117013171770929153,C,C,C
1172571589944270850,OH,H,RG
1168888752237961216,OH,H,EH
1144362329620078592,C,C,C
1178701896401522688,OH,H,RG
1153793479664816130,OH,H,NH
1159972034186809345,C,C,C
1162480456656404480,C,C,C
1140730574145019904,C,C,C
1141851133725618178,OH,H,NH
1155574902012960768,C,C,C
1170827970665222144,C,C,C
1168929153778966529,C,C,C
1139969088707538944,C,C,C
1161407121726091264,OH,O,O
1118913263092285444,C,C,C
1160451844302344198,C,C,C
1145048092355506177,C,C,C
1117120290037882881,C,C,C
1173448285035663362,OH,H,EH
1139523318099451904,OH,H,RG
1168243775241621506,OH,H,EH
1163586224130547719,OH,O,O
1164664901010219008,C,C,C
1112856845205561345,C,C,C
1116430931261370369,C,C,C
1154125996045549568,C,C,C
1121547710849536000,C,C,C
1131688833429516288,C,C,C
1133428454676926464,C,C,C
1118902096240234497,OH,H,EH
1143896511140519936,C,C,C
1169035731282644993,C,C,C
1157384933977075713,C,C,C
1142582928507121670,C,C,C
1147065532497235969,OH,H,NH
1163816978168987651,OH,O,O
1167108343606972416,C,C,C
1137505166893166592,OH,H,GH
1117166478116171778,C,C,C
1159614624804810752,C,C,C
1160688430852038656,C,C,C
1152331849085181952,C,C,C
1168190634764709891,C,C,C
1155971567089700865,C,C,C
1152675621383888901,C,C,C
1142137252275019776,OH,H,NH
1140027556210651138,C,C,C
1118904688567554048,C,C,C
1158966625267265536,OH,H,GH
1173495607098576896,OH,H,EH
1141780384977510402,OH,H,NH
1115401131621068801,C,C,C
1132057936719745024,C,C,C
1142560968523862017,C,C,C
1138231451877543936,C,C,C
1172297651397832704,C,C,C
1155975632804646919,OH,H,NH
1139101534275457024,OH,H,NH
1166127222379483137,C,C,C
1140674446602264578,OH,H,NH
1137907572248371205,OH,H,RG
1156898047697326084,OH,O,O
1117798042508451840,C,C,C
1172263025690185735,OH,H,RG
1133150436096172032,C,C,C
1149085724295258117,C,C,C
1143302969305137152,OH,H,RG
1140623702117298176,C,C,C
1158164184766586881,C,C,C
1116835322153897984,C,C,C
1163728399296344065,OH,H,NH
1177316798502506496,C,C,C
1123736780187099142,OH,H,GH
1140004888014966784,C,C,C
1176282957037887488,OH,H,EH
1135688849974337536,C,C,C
1126636541714096135,C,C,C
1166846422018383872,C,C,C
1138209018231644162,C,C,C
1121920432108638210,C,C,C
1178497620358172672,OH,H,RG
1159977607343038464,OH,H,GH
1170110863103135746,C,C,C
1157795591579144192,C,C,C
1175776647280308229,OH,H,EH
1140702317295149056,OH,H,RG
1137868421553635329,OH,H,RG
1140393982813515778,C,C,C
1169437603290071041,C,C,C
1143555560434020353,C,C,C
1138424087146106880,OH,H,RG
1164842390227693568,C,C,C
1155617476350304257,OH,H,GH
1133137879939653632,C,C,C
1159610681177595904,C,C,C
1173509626488401920,C,C,C
1137511114990919682,OH,H,NH
1153325885665267716,OH,H,EH
1135631079287775233,OH,H,EH
1175809034580058114,C,C,C
1169938830327197698,C,C,C
1159012782794313728,C,C,C
1137443899457384454,OH,H,NH
1165559752623099904,C,C,C
1135934899469344769,C,C,C
1161050881007259648,OH,H,RG
1153958774425755648,OH,O,O
1175437858200420352,OH,H,NH
1166436602417168385,C,C,C
1168651777664868353,OH,O,O
1155256907545886720,C,C,C
1164516371406970881,OH,O,O
1163523359520559104,C,C,C
1139461320133267457,OH,H,NH
1113947717426909185,C,C,C
1140620006310469632,C,C,C
1148714441112006656,C,C,C
1143998911406907392,C,C,C
1155245468340903936,C,C,C
1155985805170450432,C,C,C
1138213096118525953,C,C,C
1157015324321038337,C,C,C
1120995347680112640,C,C,C
1150536241705889792,OH,H,EH
1140962669257720000,OH,O,O
1161012119887851521,C,C,C
1147892661547876352,OH,H,EH
1167408049658716160,OH,H,NH
1139682008349548545,C,C,C
1121041826213920768,C,C,C
1166111694646665216,OH,O,O
1138231966397075456,OH,O,O
1144031818628255744,C,C,C
1144222132152492034,C,C,C
1118615608717991937,C,C,C
1138946804878336000,OH,H,NH
1145047233521475584,C,C,C
1142218821710880769,OH,H,GH
1155222292563144705,C,C,C
1165217621941374982,OH,H,GH
1142216184131129345,C,C,C
1114638944304545793,C,C,C
1141198612657037312,OH,H,NH
1172151643938467841,OH,H,NH
1144728523933925377,C,C,C
1166741803380424705,C,C,C
1136406661478961153,C,C,C
1153663476210065408,OH,H,EH
1137815186956533760,OH,H,NH
1114618153491996673,C,C,C
1120105962893979650,OH,H,RG
1171570598033743872,C,C,C
1118913125246492674,C,C,C
1128446362478153729,OH,H,NH
1157440347900973059,C,C,C
1166097949438484480,OH,O,O
1135693656118218752,C,C,C
1176546076595314689,C,C,C
1113944024954617856,C,C,C
1142482670687010000,OH,O,O
1151979879564529664,C,C,C
1151266635749236741,OH,H,RG
1136744885057466369,C,C,C
1133445397349851136,OH,H,EH
1140391694963236865,C,C,C
1138472803156590000,OH,H,GH
1151996745032728576,C,C,C
1113934214074732544,OH,O,O
1138208166460764161,C,C,C
1113779151285235712,C,C,C
1159909012587945984,C,C,C
1122284166765268992,C,C,C
1147263956282728449,C,C,C
1163598422026391552,OH,H,RG
1152268707361624067,C,C,C
1133128920000290816,C,C,C
1151076817488551937,C,C,C
1124822156716707841,C,C,C
1145605144517795840,OH,H,EH
1127547682573168641,C,C,C
1163833680919502851,OH,H,EH
1157078349384167424,C,C,C
1160619534040096768,OH,O,O
1129137334308474889,C,C,C
1118243801846489089,C,C,C
1144382668773056512,OH,H,RG
1166352541053009920,OH,H,EH
1170844415700721664,C,C,C
1141103790201942017,C,C,C
1133883826466430976,C,C,C
1151639682939334656,C,C,C
1122808406878953477,OH,H,EH
1140920217842933760,C,C,C
1135697554316943369,C,C,C
1148753661289517056,C,C,C
1134963006058766336,C,C,C
1166462407113355264,C,C,C
1156827511348781056,OH,H,NH
1146174576319193088,C,C,C
1154804108941045762,OH,H,EH
1127784514850361344,C,C,C
1165765818342395905,OH,O,O
1144296344359788545,OH,H,RG
1159916370349514754,OH,H,NH
1141536948147884032,OH,H,EH
1129170615485816832,C,C,C
1115387246889324544,OH,O,O
1144978892031188992,C,C,C
1175668857073221632,OH,H,NH
1170376311258435586,C,C,C
1116466587375005696,C,C,C
1144350051684311042,C,C,C
1145138636373090304,OH,H,EH
1148551606444732416,OH,H,EH
1147235786011611141,C,C,C
1141759618357481472,OH,H,NH
1136039699909414919,OH,H,GH
1172865319087562753,OH,H,EH
1115713802752995328,C,C,C
1128441823792439296,C,C,C
1131784236812394496,OH,H,EH
1137145767922151424,C,C,C
1122162788015714305,C,C,C
1174458302287273988,C,C,C
1142880652888555520,OH,H,RG
1162392073984778240,OH,H,GH
1140920803141345280,C,C,C
1178038294925512704,C,C,C
1161731625991987201,OH,H,EH
1142560998085316608,OH,O,O
1116346267121192961,C,C,C
1148295963485835265,C,C,C
1134956845397938176,OH,O,O
1170484871321542656,C,C,C
1140770425246539776,C,C,C
1174102842652659714,C,C,C
1144027035121180673,C,C,C
1114406006698672128,OH,H,NH
1126270563314479105,C,C,C
1177689076167843845,OH,H,RG
1117575500313112577,OH,O,O
1158360816787308544,C,C,C
1141854702688247809,C,C,C
1138459188844216322,OH,H,NH
1144023317457883138,C,C,C
1172658519272775686,C,C,C
1147135996347199490,C,C,C
1138596765165379585,C,C,C
1150054660964782081,C,C,C
1172641301897990144,OH,H,GH
1161597323031564288,OH,H,GH
1155266480839303170,C,C,C
1145110354302779396,C,C,C
1143205998552920064,C,C,C
1130980221753221120,C,C,C
1153714480611823617,C,C,C
1175400909821612032,C,C,C
1130147202272301056,C,C,C
1138432025474600960,C,C,C
1141447002884136960,C,C,C
1120755444811747328,C,C,C
1160671015405572096,OH,H,GH
1166392445636161537,OH,H,GH
1141448404654010369,OH,O,O
1178430653890748416,C,C,C
1175907048896307202,OH,H,RG
1119981279783608320,OH,H,RG
1147977054769446912,C,C,C
1153637540865478661,OH,O,O
1134956550668337152,C,C,C
1136375748317601794,C,C,C
1163238912933990405,C,C,C
1143612274055307264,C,C,C
1177784047298338816,C,C,C
1177266741535289344,C,C,C
1117197135001337857,C,C,C
1150070510392422400,OH,O,O
1153349211544576005,OH,O,O
1163033498585915392,OH,O,O
1122262699294035969,C,C,C
1165406072556990465,OH,O,O
1136780131152928770,C,C,C
1174464220118888448,C,C,C
1157337037927849984,C,C,C
1119687344108580866,C,C,C
1141098011310907393,C,C,C
1136397278154043392,C,C,C
1144084975484096512,OH,H,NH
1162858079957987329,OH,H,GH
1121190845494038528,C,C,C
1119996445854015488,OH,H,NH
1134952054479364098,OH,H,RG
1141465843559280642,OH,H,NH
1144001974381289478,C,C,C
1135696922935726080,C,C,C
1155069501928550400,C,C,C
1136027948585279488,C,C,C
1176790672919150592,OH,H,GH
1152999668273557504,OH,H,NH
1153794586961047552,C,C,C
1144351901863071744,C,C,C
1135991014135652352,OH,O,O
1169165119114436609,OH,H,RG
1136297376837226496,C,C,C
1132072754029748225,C,C,C
1158134768040599553,C,C,C
1178455883698905088,OH,O,O
1163588910020222976,OH,O,O
